author_id,username,author_followers,author_tweets,author_description,author_location,text,created_at,retweets,replies,likes,quote_count
760948334215303168,hempfusion,1461,1450,üå± One of the only #CBD companies fully prepared for FDA guidance. #TeamHempFusion @Probulin #probiotic @Sagely_Naturals @Apothecanna. 15k+ US retailers & ecom.,"Denver, Colorado",".@SteveArpin's #HempFusion finished 2nd last weekend  in @NitroRallycross! This weekend, he's in it to win it @ERXmotorpark! Streamed on @Peacock, YouTube &amp; 200 countries. Let's gooooo!üèÅ #NitroRX https://t.co/bFLqX357Xh",2021-10-01 20:58:32+00:00,0,0,1,0
900856742,BetOnPete,449,12400,"Every time a PI gets called, an under bettor loses his wings.",A Place That You Will Judge,@peacock is trying to push my dog over the edge with Curious George: Cape Ahoy and its nonstop high pitch whistle.,2021-10-01 20:09:11+00:00,0,0,0,0
1439612886242971654,Bob89478336,2,277,Subject matter expert In lending,,@pwp72 @YouTubeTV @nbc @peacock Watch NBC FOR FREE OVER A FREAKING ANTENNA.  Anyone over 60 was the freaking remote on the sixties with black and white TV.  It‚Äôs the law. NBC HAS TO BROADCAST OVER AIR FOR FREE.  Who care what NBC DOES. They are double dipping so someone can buy that house in Jamaica mon.,2021-10-01 12:38:06+00:00,0,0,0,0
22682103,KaysGramma,686,26795,Born-n-Raised in suburbs of the üå¨üèô Former ü§∏üèª‚Äç‚ôÄÔ∏è& coach now a ü§∏üèº‚Äç‚ôÄÔ∏è's üëµüèª Married toüë®üèª‚Äçüöífor 25 yrüíî‚ö±Ô∏èüò¢Doing my part to hold on to democracyüó≥üåà‚òÄÔ∏è,Midwest USA,"@NBCUniversal @nbc  @PeacockTVCare 

So if you‚Äôre going to remove yourselves from You Tube TV because of a dispute AND you want to promote @Peacock maybe you should consider adding fan favs #LasVegas and #AmericanDreams 
Guarantee you‚Äôll add subscribers w/those 2 series https://t.co/zzoP326l1O",2021-10-01 04:09:17+00:00,0,1,1,0
348157376,haemaker,99,15734,,,"I wonder, since @YouTubeTV have announced a discount while @nbc holds out, if NBC will continue to hold out to turn this into a @peacock free trial.  Perhaps they should not have announced anything.

I will not use Peacock during the interim, I will simply watch something else.",2021-10-01 01:44:52+00:00,0,0,0,0
23493293,DiabloSangwich,295,11529,"Breakfast isnt my favorite meal, but its in the top three.",Denver,"Hey @JusticeOIG and @FTC - When a company like @NBCUniversal which owns content production, delivery (@Xfinity &amp; @peacock) as well as internet access @comcast, consumers get hurt.
It‚Äôs a great time to look into this, and it‚Äôs not just NBC‚Ä¶ I‚Äôm looking at you too, @WaltDisneyCo https://t.co/iuLZllkXFG",2021-10-01 00:38:09+00:00,0,0,0,0
3301236943,KetzerN,3370,15862,"https://t.co/oCR74oNyYE
https://t.co/NXlKhqks56
https://t.co/FBRID35xWi
Booking: sonsoftriermain@gmail.com

I outclass Ben Shapiro on everything but trains.",U.S.A.,"@Netflix @Peacock @Hulu Alright first one to make an offer gets it:

It's a show about a woman who goes across the Earth, defeating the old Pantheons of Gods, with whatever is in her Box. It's just called 'Pandora's Box.'",2021-10-02 23:34:33+00:00,0,1,2,0
22782543,TedatACA,3516,37631,"VP, Communications, ACA Connects","Washington, D.C.","@xpangler: @NBCU and @YouTube TV Clinch New Agreement; No Price Increase for Streaming Service [""NBCU dropped its ask that @YouTubeTV bundle @Peacock Premium with the streaming service.""] https://t.co/Tih25l75ms https://t.co/qO6a1NZe9G",2021-10-02 20:35:51+00:00,0,0,0,0
2402541109,RConnR,155,2115,"L.V.N., Tolkien O.G., 313, Spartan-Coug-Vandal, knitter, traveler, gardener, reader, non-trad history degree seeker and mom",,"What?? The 1979 version of Dracula will be on @Peacock this month! I had such a crush on Frank Langella after that movie -- yowza. I wonder if it holds up or if it is campy now, will have to check it out.",2021-10-02 01:30:14+00:00,0,0,0,0
776254095820664833,AaronFurq,639,32819,I‚Äôm into #horror #scifi #fantasy. all about #hustle life. Sports Dad. I do local weather in area. #Disabled/#bi racial/ human.,"Austin, TX",Hey anyone looking for some older and a bit maybe cheesy #scaree @peacock has the old #Monster movies. The original Universal films #HorrorCommunity,2021-10-02 00:36:37+00:00,0,0,0,0
760948334215303168,hempfusion,1461,1450,üå± One of the only #CBD companies fully prepared for FDA guidance. #TeamHempFusion @Probulin #probiotic @Sagely_Naturals @Apothecanna. 15k+ US retailers & ecom.,"Denver, Colorado","Ouch! That was yesterday. Today, @stevearpin is back in front! Tune in now on @Peacock or YouTube. #TeamHempFusion https://t.co/k3IjOQLafZ",2021-10-03 21:06:26+00:00,0,0,4,0
232395936,JennyPowell859,989,16904,artistüé® photographerüì∏ poetÓåÅ wineauxüç∑mother‚ù§Ô∏è reader üìöpet wrangler üê±native Kentuckianüá∫üá∏ Bitcher about the government üòâ,"Florence, KY","@bravo @peacock I'll be there for @DorindaMedley! Fuck @VGunvalson! She's like 70 years old &amp; should know better.
Real Housewives Franchise‚Äôs New Crossover Event to Platform Vicki Gunvalson‚Äôs Anti-vax Tirades https://t.co/rqCL3jSYuJ via @VanityFair",2021-10-03 20:40:22+00:00,0,0,0,0
1072527560662310912,BluntsMahoney,885,11981,People should care about people.,Something Clever ,"Just watched the #HolyGrail mini doc on @Peacock, and all I can say is go watch that #TomMagee was nuts for that time frame and could've worked any opponent in any arena!",2021-10-03 17:34:10+00:00,0,0,0,0
1333957920841633792,FilmIronic,7,253,"Do you take your entertainment news with a tasty side of irony? Sure you do! Follow us and stay up-to-date on all your favorite movies, shows, and games.",The Dark Side of the Moon,@Peacock and @WWE have assembled an all-star cast for their docuseries #WWEEvil. https://t.co/hJq8eHyYCJ,2021-10-03 10:04:31+00:00,0,0,0,0
1422433847606538245,JohnRenfro2016,63,3649,"I'm John in Japan. 
META=TwoBluePills=NoChoice
https://t.co/Vbx6zHctqY",,"@HBOMax @Peacock @Netflix @DisneyPlus 
A word of advice from someone who has been in this for a long time. HBO's old 1980s guides should be what your websites look like. 

Furthermore, HBO used to show 30 minute ""Coming Previews"" segments.

https://t.co/wHaEv0cVwo",2021-10-03 04:49:23+00:00,0,0,0,0
52686948,lethallyfab,451,23210,"A lover, lush, amateur writer, professional raconteur. Saving the good dirt for the memoirs.",Lost Angeles - or thereabouts.,If I have to see this damned Demi Lovato ad one more time from watching #SNL on @peacock ‚Ä¶,2021-10-03 04:25:06+00:00,0,0,0,0
3347175172,Frank__XIX,951,13605,I'm a huge wrestling & sports fan. I'm a fan of any type of pro wrestling You can think of. Also a Mets Bears Islanders fan.,"Bellerose, NY",I blame @Peacock canceling the #PunkyBrewster reboot for Facebook being down! It's all your fault!!!,2021-10-04 21:01:28+00:00,0,0,0,0
27889066,BamaGrad00,1043,67785,"Christian, Single Male Roll Tide Salad Critic of Restaurants, Elvis expert, Bama Grad Free thinker, Watcher of old westerns, Love MLB and CFB, Entreprenuer",Nothingville,"@WWE @peacock  Get some Japanese FMW Wrasslin on the WWE Network. Tell Vince, Shane ad Steph to hire me I will digitally remaster everything.",2021-10-04 18:25:51+00:00,0,0,0,0
133471182,Amyreader100,758,44796,Love reading.,,@Daysofour_Lives @WesleyEure I wish #days would put classic episodes on @peacock or somewhere else for us to enjoy,2021-10-04 12:05:35+00:00,1,0,8,0
537914194,elizajamesvln,1836,15322,"Solo violinist for Burt Bacharach and Paul Anka. Studio musician, singer, songwriter, lindyhopper, wcs dancer and Lover of life. https://t.co/nNF29eJafv",hollywood ca,You know when u randomly get sucked into a mystery thriller on @peacock and it ends up being literally the worst writing &amp; acting you‚Äôve ever seen in your life but u can‚Äôt stop watching cuz u want to know the end of the story‚Ä¶but the dialogue is SO BAD..,2021-10-04 07:57:37+00:00,0,1,0,0
363726829,elzburning247,66,2420,A small step forward is better than taking 2 steps forward and 3 back. ‚Äúhate loosing more than you love to win‚Äù #joedouglas,,Little off with the score @NBCSports @peacock https://t.co/OnuU95D2sF,2021-10-04 03:02:17+00:00,0,0,0,0
184645405,LizFilmNYC,3031,44876,"TV & Film tweets mainly. Director, Distribution @Starz. Former NY Director at @sagaftraFound, previously @MadeinNY & @Tribeca. #buffalogal","New York, NY",Kelly Campbell Eyes @Peacock Role Following @Hulu Exit https://t.co/WqZvwhgMjN via @variety,2021-10-05 22:19:20+00:00,0,0,0,0
734866610,DenofGeekUS,77370,109876,"A global pop culture powerhouse. Den of Geek is the top news source for TV, movies, games, books, comics & more. üìß tips@denofgeek.com üéÆ https://t.co/QU6IQ2Dg0d",New York,"Young adult mystery One of Us is Lying drops on @Peacock this Thursday, and #FarCry6 comes out as well! https://t.co/VBJ5maFwRc",2021-10-05 19:55:41+00:00,0,1,0,0
37077603,pamjammer,1757,20509,"I am a working mom of 2 kids, a Disney bride who loves running, blogging and creating adventures with my family #Disney #DisneySMMC 2015",,DisDrivenLife: #TheCroods and the Bettermans are back with hilarious prehistoric adventures. Watch DreamWorks Animation‚Äôs The Croods: Family Tree series on @Peacock &amp; @Hulu! https://t.co/7t4L00Lg3Z,2021-10-05 13:30:28+00:00,0,0,0,0
122155951,DisDrivenLife,7950,20031,The official Twitter page of the Disney Driven Life Community. Have you been counted? http://t.co/860fJHeqqd Visit our website!,WorldWide,#TheCroods and the Bettermans are back with hilarious prehistoric adventures. Watch DreamWorks Animation‚Äôs The Croods: Family Tree series on @Peacock &amp; @Hulu! https://t.co/ppsz89EUMf,2021-10-05 13:00:55+00:00,0,0,0,0
51305514,The1GrantMcIvor,649,8614,"Pro wrestler. Source Champion. Scotlands most popular wrestler. Born Place: Glasgow. 
https://t.co/I4x7wNCnuR","Uddingston, Glasgow, Scotland","Twists and Turns
""Capri-Sunrise""
#Manifesto
#ICWFightClub 
@wwenetwork
@peacock https://t.co/lMDzrNMHfR",2021-10-05 11:44:34+00:00,0,0,3,0
1440600183851544586,mikewuod1,12,16,Son of the soil,,@Peacock resort https://t.co/OKrTGH1n09,2021-10-05 09:02:10+00:00,0,0,0,0
87950196,AndyeIsTheNews,810,50897,"#Media member #NHKWorldTV, #CNNAlumni. @TearsForFears fan since age 5 #TFFTravelFan site moderator | Travels w/bands ‚úàÔ∏èüé∑üé∏| #GenY üá≥üá¨ üá¨üáß üá®üá¶",I'm near a band or @ the hotel,"@JamesRoday @curtsmith @peacockTV @PsychPeacock After digesting lots of Tears for Fears updates, I literally kept the @peacock app on all night. I love it! So many great shows. Also, isn‚Äôt he just so handsome? I saw him seated gleefully at one of Curt Smith‚Äôs shows. My heart nearly melted. #TNT #Peacock #NHK good tv",2021-10-05 01:35:09+00:00,0,0,2,0
1496106991,CurtMLevesque,17,3309,"I love watching sports, game shows, and sitcoms on TV.","Deerfield, New Hampshire","@KaysGramma @NBCUniversal @nbc @PeacockTVCare @peacock Please, tell @nbc and/or @peacockTV to give #AmericanDreams a reboot of some sort and have it take place in the early 1980s.  Well, 1982, if you will.  It would revolve around Philadelphia's 300th birthday celebration that year!  Thanks!  It does deserve a 2nd chance.",2021-10-06 20:54:31+00:00,0,0,0,0
828347920609116163,QuizWizards,297,191,"Turn your fans into into paying customers with our fun, exciting, fully customizable and easy to deploy quizzes. Contact sales@quizwizards.com for a demo.","Laois, Ireland & New York, USA",Former Hulu Chief Kelly Campbell Named Peacock President #media #entertainment #streaming #leadership #management ‚Å¶#kellycampbell @peacock @NBCU  https://t.co/vFeKXQAURe,2021-10-06 19:18:00+00:00,1,0,0,0
14463402,AmandasFakeID,1277,17934,I crack myself up at least. ü§∑üèº‚Äç‚ôÄÔ∏è,"Philadelphia, PA","It's weird that @Peacock was literally pushing #BelowDeckMed on us, offering early access to new episodes and being able to watch them immediately after they aired, and yet they're not doing the same with #PumpRules.",2021-10-06 16:53:42+00:00,0,0,2,0
369060057,DevilsDad4,80,4467,CEO Living Dream Entertainment CFO Homeless to Homeowner,K.C.,"@peacock @oneofusislying  I get that there is just going to be gay shit in every show these days (even when there is no cause for it), but why, WHY does the ONLY black dude in the main cast ALWAYS have to be the gay one? Man, I get tired of that shit. Alphabet shit in general...",2021-10-07 21:00:33+00:00,0,0,0,0
2270804172,rebelthriver75,1340,26814,Entertainment Editor/Reviewer/Writer With Metal Life Magazine.                  ‚ÄúPop Culture Through A Metal Filter‚Äù,"Here, there, everywhere","My latest review!
@peacock #oneofusislying #karenmmcmanus #johnscott #jennifermorrison #directors https://t.co/4K1dRRoA9H",2021-10-07 13:31:24+00:00,1,0,1,0
67270393,spin2win_XIII,108,2864,just a guy born in the late 80's that likes a good comedy or video game.,Asgard,Getting real sick of these ad breaks on every @WWE program on @peacock if I wanted ads interrupting wrestling I'd watch on cable never had this problem with the network this is trash why am I paying to watch ads,2021-10-07 11:23:35+00:00,2,0,0,0
1445330364226887683,PsychoGamer_Yo,0,5,AyoChilllllll,,"Dude I love @KevinHart4real but he is everywhere @netflix , @peacock, @hulu , @Twitter, @instagram, tbh it‚Äôs kinda annoying not that I hate @KevinHart4real or anything",2021-10-08 23:17:41+00:00,0,0,0,0
28135772,zoomarang,9448,310338,"Texan,Zulucowboy.mmhm!!Politics,News and funny bone with wisdom over here",TEXAS,@karenhunter @peacock @joanwalsh @JoyAnnReid So now I have to sign up for @peacock ‚Ä¶ I‚Äôve been meaning to . Sold ü§∑‚Äç‚ôÇÔ∏èü§¶üèø,2021-10-08 21:39:10+00:00,0,0,1,0
28135772,zoomarang,9448,310338,"Texan,Zulucowboy.mmhm!!Politics,News and funny bone with wisdom over here",TEXAS,@karenhunter @peacock @joanwalsh @JoyAnnReid Got it . Thanks üòä,2021-10-08 21:33:05+00:00,0,0,1,0
23103351,karenhunter,110854,130622,@EbonyMag #Power100 @Essence #Woke100. Prof. Pulitzer. Architect! @Knarrative_ #Knubia #KarenRebels: @SXMUrbanView. Pronouns: we/us https://t.co/WZkneTZ77A,Global,@zoomarang #TheSitIn on @Peacock #HarryBelafonte's one week hosting Johnny Carson's #TheTonightShow. @JoanWalsh and @JoyAnnReid produced it.,2021-10-08 21:31:50+00:00,2,2,5,0
205019977,swagex_,1782,59590,,,"So‚Ä¶ @PEACOCK has all the SAW movies. 

But not ALL of the Friday the 13th and Child‚Äôs Play Films. 

Why y‚Äôall doing me dirty?! 

Also‚Ä¶ CAN SOMEONE CONFIRM IF THATS ALL THE NIGHTMARE ON ELMSTREET FILMS SO I CAN WATCH THEM FROM START TO FINISH?",2021-10-08 17:58:46+00:00,0,0,1,1
713409111497510917,SouthrnJabber,3132,72799,"Deep South Trump Supporter
Home of the first 35k Trump Rally","Mobile, AL","Shame on @Peacock

Offering 3 episodes of a program then requiring premium service to see the 4th.

For that reason alone I refuse to purchase premium.",2021-10-08 17:38:42+00:00,0,0,0,0
238714861,keithehughes,109,9952,classic movie lover,south jersey,.@peacock solid horror lineup but Gremlins is a Christmas film.,2021-10-08 02:07:47+00:00,0,0,0,0
7074982,scottadamson,389,7370,"the helpdesk you always wanted
Contact me at scottadamson at http://t.co/wjcbmz6G",South Orange NJ,"Curse you @peacock, I got sucked into The Lost Symbol and episode 4 is ""premium"". Well played...",2021-10-09 18:59:51+00:00,0,0,0,0
211030663,sheenamcrae,2039,48108,"Sweet, sexy, but plays rough. Keeping a balance between work & play. Like to make challenges, and live life to the fullest. Love to draw & color! ‚ù§Ô∏è‚ù§Ô∏è‚ù§Ô∏èüñä","Newark, DE","My favorite streaming apps have always been @hulu, @peacock, @PrimeVideo &amp; now @hbomax is included! ‚ù§Ô∏èüòéüì∫",2021-10-09 17:29:56+00:00,0,0,2,0
1864161,justmyreading,321,14869,"Praise be to Nero's Neptune
The Titanic sails at dawn
And everybody's shouting
""Which Side Are You On?""","Massachusetts, USA","I can't find any way to watch #ilombardia in the USA. @Peacock are airing Paris-Tours tomorrow, but all the big names are racing today, damn it!",2021-10-09 11:33:49+00:00,0,0,0,0
55731306,Ddeford6,54,2188,,,"@peacockTV This is practically unwatchable on @peacock . Get your platform fixed,",2021-10-10 14:16:26+00:00,0,1,0,0
1184716787356712960,Oladejofemisun1,15,84,"I don't keep malice, I love making friends",,"@dawisu @Peacock, did u just say appreciate government? Pls for what ? That they removed from their own pocket money to construct road or that they are still borrowing money to enrich their pocket ? Cos e no clear me o",2021-10-10 06:23:47+00:00,0,0,2,0
45425643,asupike,860,14153,hoping for a better tomorrow,"Raleigh, NC",Just watched #Southlake on @Peacock ‚Ä¶.wow what is it about Texas Football powerhouse schools that have such assholes that attend these schools and the parents that brought them into this world ‚Ä¶#Aledo #SouthlakeCarrollDragons #CCISD https://t.co/V6iJZIRU3b,2021-10-10 05:55:20+00:00,0,0,2,0
1036307373722234885,ZachSmithingell,115,2393,"Public health, #rstats, Star Trek, Stoicism, AI, deep learning, IndyCar, vital statistics, 4 kids, exhaustion, ADHD.
he/him/his","Olympia, WA","You know what annoys me? Watching the office or modern family or whatever with my young kids on @peacock and these horror movie commercials come on and terrorize my kids. Seriously, they have nightmares. How can we fix this, Peacock?",2021-10-11 05:26:07+00:00,0,0,1,0
1397217525608419333,savedbythecred,43,140,An audio journey to see if @The_Great_Brit can make it to the end of a movie and be Saved By The Credits! All picked out by @mattitudemayhem üé• üçø,"West Norriton, PA","#HalloweenKills comes out this Friday in theaters and on @Peacock. As a long time #Halloween &amp; #MichaelMyers fan I admit the 11, now 12 movies in the franchise can be confusing. This should help üéÉ https://t.co/hkzbRHMlxJ",2021-10-12 23:00:42+00:00,1,0,4,0
22172303,AnonSnark,6529,82965,"blunt fem trans unicorn on the spectrum w sharp teeth & deep love for all beings. dogs cats music weed 

#FirePelosi #Anonymous #BLM #OpDeathEaters Expect us",NYC suburbs ,ok now im in the mood for a horror movie for the first time in a long time due to the scream trailer i just saw and the Halloween movie coming on the 15th to @peacock whats a good movie with shocking (not random) plot twists that i should see? see post 2 for the list of services,2021-10-12 22:31:17+00:00,0,1,0,0
844195582948397056,MiamiMustMelt17,148,5411,. #BLM #Dodgers $AMC #APE,"Miami Beach, FL","Hey Florio, go to commercial so they can fix your audio and, stop blabbering for one second, if that‚Äôs possible. @ProFootballTalk @peacock @PFT_Live https://t.co/NYvrnZRrOf",2021-10-12 21:22:15+00:00,0,0,0,0
709090173783547904,theonly1justin,81,54,"EVP Of WGN, PR American, Single, Entertainer, Everything, Born In Brooklyn NY #ForTheOnes","Brooklyn, NY","@peacock Hi Guys Will @G4TV
Be Available At Launch For Customers",2021-10-12 19:26:27+00:00,0,0,0,0
1354868337835089922,PresElect4Life,23,2305,All the world is a stage.,Down the Rabbit Hole,"@EmmaVigeland I guess it‚Äôs time to go thru your entire timeline Emma &amp; if you tweeted anything that ‚Äúwe‚Äù deem as offensive from 7-10 years ago, then it‚Äôs only fair you get fired from your job @peacock @NBCUniversal @majorityfm @RingOfFireMedia as well. #JonGruden #JohnGruden #nfl",2021-10-12 01:34:59+00:00,0,0,0,0
1428754111097237510,smoeater,231,6573,"Â∑®È≠î

Polybius player",Brewster Jennings & Associates,"@_RingFalcon @peacock It's honestly the 2nd best streaming service for content, after Disney+..

It's everything that was on the Network, except the hidden gems section, for half the price of the Network..

Plus it has all new, extended versions of The Office..",2021-10-13 20:33:14+00:00,0,0,0,0
27976545,BigFNGorilla,167,4062,"Ooooooh Yeah!!!!

Mostly using this account for wrestling content... and some politics",,"@_RingFalcon @peacock Absolutely is.  So much more than the Network on there.  Old shows, new shows, classic movies.  Well worth $4.99 a month.",2021-10-13 20:10:43+00:00,0,0,2,0
1266606283634982914,_RingFalcon,4127,14767,10k Followers‚Ä¶eventually. Wrestling Fan. Dork Extraordinaire,Satan‚Äôs Butthole,Going to order #HalloweenKills through @Peacock Friday. Thinking to keep it for a month to use it for WWE stuff. Is it worth it?,2021-10-13 20:09:03+00:00,0,2,3,0
1275377543260987393,colettesmisery,1,11,,,@florida87731057 @DannyPellegrino @Andy @bravo @peacock @nbc Tell me you‚Äôre Jax without telling me you‚Äôre Jax,2021-10-13 17:04:03+00:00,0,0,16,0
17450519,MorrigansWitch,2708,23352,"Best-selling Author of ‚ÄòBlackthorn‚Äôs Botanical Magic,‚Äô ‚ÄòSacred Smoke‚Äô & Blackthorn‚Äôs Botanical  Brews. Seen on HuffPoLive, Netflix & AP News. CCDW instructor","Newark, Delaware",I‚Äôm cancelling all streaming services on Monday. Not crossing the picket line. @netflix @hulu @apple @peacock and the rest. https://t.co/3esoGEefO1,2021-10-13 16:54:43+00:00,3,0,6,0
1198149553771470848,ginger45996309,0,157,You will always find me in the kitchen at parties.,,@florida87731057 @DannyPellegrino @Andy @bravo @peacock @nbc Ahahahhahaa ok Jax. You‚Äôre not even trying to hide it here are ya?,2021-10-13 16:32:34+00:00,0,0,10,0
1415068505343467527,florida87731057,54,1126,#FBR #BLM,"Florida, USA","@ImWatchingBravo These two should‚Äôve been fired.

@peacock @andy 

#cancelVanderpumpRules",2021-10-13 15:56:25+00:00,0,0,0,0
1374527960829468683,HighPanda98,45,2749,I insta block Magats.  #RHOP #RHOA #RHOBH #RHOSLC #RHOM #RHONJ #RHONY #RHOC #RHOD #LGBTQüè≥Ô∏è‚Äçüåà #BLM #STOPASIANHATE,,@florida87731057 @DannyPellegrino @Andy @bravo @peacock @nbc Well your name sums it up. And also. Hi Jax.,2021-10-13 14:32:59+00:00,0,0,10,0
854517444836241409,thebravobee,280,1775,"Bringing you the latest Bravo Buzz, pinot grigio Lover, all things Housewives expert.",,@florida87731057 @DannyPellegrino @Andy @bravo @peacock @nbc Hi jax,2021-10-13 12:54:28+00:00,0,0,22,0
1917702572,sunlinds,668,16135,‚Ä¢ True Crime you may have asked for‚Ä¢ Political opinions you didn‚Äôt ask for‚Ä¢ Doesn‚Äôt like duvets but owns one‚Ä¢ Insta: @sunlinds ‚Ä¢ She/Her ‚Ä¢,"Bentonville, AR","@rachelkiley @peacock I think you need to hire younger marketers, they would‚Äôve caught that",2021-10-13 04:25:24+00:00,0,0,0,0
1415068505343467527,florida87731057,54,1126,#FBR #BLM,"Florida, USA","@DannyPellegrino She‚Äôs an idiot with a drug addict 

#CancelVanderpumpRules

@andy @bravo @peacock @nbc",2021-10-13 03:00:58+00:00,1,5,0,2
15937565,LindaMilazzo,1104,37196,"PROGRESSIVE activist, retired program director/writer/educator coveting truth, unity, peace, animals & planet. B.L.M. https://t.co/40wN9ZGtnL",CA,@hulu_support THX. I'm not able to scroll up to Season 9. It currently doesn't exist on my Hulu. I'll be thrilled if this is resolved to view on Hulu because as I said in previous tweets I've found @Peacock to be a dishonest scam advertising a free service they immediately demand we PURCHASE.,2021-10-14 20:11:21+00:00,0,1,0,0
1375376792488308737,PaulLeisure4,32,1865,Veteran & RN,San Diego,"@MeetThePress @annenbcnews @NBCNewsNow @peacock White Evangelists were at the attempted coup, they had signs saying they were. They want to install a white Christian minority government. They are upset they are only 47% of the country and declining fast.",2021-10-14 19:45:08+00:00,0,1,0,0
868033992,AaronTh79919330,45,2039,"Police Officer, Movie Nerd, Home Theater Geek","Illinois, USA",@ErnDoesNotTweet @peacock My prediction is 6pm tonight.  It‚Äôs a Thursday night people looking to watch something at home and it releases tonight nationwide in theaters at that time,2021-10-14 19:11:38+00:00,0,0,0,0
1002880554,ErnDoesNotTweet,165,7167,"I'm weird. Like fun weird, not creeper weird. I like Batman & Superman. I never use the correct hashtags. That's about it.",Paisley Park,The worst thing about not knowing when #HalloweenKills premieres is that idk if I should go watch in theaters or watch on @Peacock. Someone with a marketing background please explain to me why this makes sense.,2021-10-14 19:04:26+00:00,0,1,0,0
436182585,catherinedpalme,39,15103,"Quiet but fierce, old but still young.",Missouri,@MeetThePress @annenbcnews @NBCNewsNow @peacock I still haven't located the bible they go by. Mine repeats the 10 Commandments and love thy neighbor as thyself. And 'no god's before me. They worship a golden Trump.,2021-10-14 18:41:32+00:00,0,0,1,0
842468400458788864,PerryFingal,133,41711,,,"@MeetThePress @BenjySarlin @annenbcnews @NBCNewsNow @peacock DougJ, where are you?",2021-10-14 18:17:11+00:00,0,0,0,0
34004563,GrytpypeOBE,476,39573,"Hercules Grytpype-Thynne, OBE, MA (Finchley), was exhibited in the Salon of 1912. He lives, exposed to the elements, in the Mojave Desert.",Las Vegas ex NYC,@MeetThePress @BenjySarlin @annenbcnews @NBCNewsNow @peacock The cult that's destroying the country,2021-10-14 18:15:54+00:00,0,0,0,0
1449770029,commentoniowa,297,67188,Proudly watching America‚Äôs return from TRUTH DECAY. Fearless image by ARTCANVAS,"Iowa, USA","@MeetThePress @annenbcnews @NBCNewsNow @peacock IDOL WORSHIP is a sin, even in evangelical churches‚Ä¶that includes idol worship of their preacher(s) and of any politician.
.
God is VERY clear and unequivocal @chucktodd",2021-10-14 18:14:41+00:00,0,0,0,0
1445088016511508489,Robinsnesthome,11,1304,,,"@MeetThePress @annenbcnews @NBCNewsNow @peacock The President just spoke.
And that is your headline.
https://t.co/iqXDPwuWQH",2021-10-14 18:12:05+00:00,0,0,0,0
1354126962827157506,JuliaGulia5280,99,3177,"‚ÄúEach time a woman stands up for herself, without knowing it possibly, she stands up for all women.‚Äù Maya Angelou ‚úåÔ∏è‚úåÔ∏è‚úåÔ∏è",,"@MeetThePress @annenbcnews @NBCNewsNow @peacock Narrator: Despite Todd failing to mention it, they are also the most hate filled, judgmental, bigoted, racist, entitled, ignorant, loudest, ugliest, violent, smelliest, least logical people in America- literally, THE WORST and are the exact opposite of anything ‚Äújesus‚Äù taught",2021-10-14 18:11:41+00:00,0,0,0,0
1394373997215698944,Felipeg46458704,48,30259,Average joe.  Homeless philosophy scholar,Venice sand tent,"@MeetThePress @annenbcnews @NBCNewsNow @peacock Take a look at kamala's new vice president when Biden is arrested over the emails found in hunters laptop from hell, filled with child porn. https://t.co/WbXELdi7wo",2021-10-14 18:10:06+00:00,0,0,0,0
15937565,LindaMilazzo,1104,37196,"PROGRESSIVE activist, retired program director/writer/educator coveting truth, unity, peace, animals & planet. B.L.M. https://t.co/40wN9ZGtnL",CA,@hulu_support @hulu Why don't you have recent episodes of @LateNightSeth @sethmeyers? Has the @Peacock scam taken these shows from #Hulu? If that's the case I will end my Hulu subscription &amp; of course NEVER VIEW OR PURCHASE THE PEACOCK SCAM. #PeacockTV,2021-10-14 18:07:27+00:00,0,1,0,0
11856892,MeetThePress,655135,91762,"Meet the Press is the longest-running television show in history. 

If it's Sunday, it's Meet the Press with @ChuckTodd. 

#MTP #IfItsSunday #MTPDaily","Washington, D.C.","WATCH: MTP Reports takes a look at one of the most loyal parts of the Republican base ‚Äî white evangelicals. 

@AnneNBCNews reports.

Watch the full episode today 9PM ET on @NBCNewsNOW and @Peacock https://t.co/FS4U56W4fZ",2021-10-14 18:03:13+00:00,8,11,10,0
1264931683,MFCK_58,1341,52816,Take your racism and mysoginy outta here. Wanna hug? #VetsAgainstTrump #BillsMafia #LGBTQ ally #icantbreathe  #LetsGoMets,"Luckenbach on Hudson, NY","For those of you with @Peacock streaming, Josh Allen on the @richeisen show in hour 3, 12-3 EST! #BillsMafia",2021-10-14 16:07:41+00:00,0,0,0,0
2768318739,doncosimano,251,19674,im 29yrs old. the biggest WWE fan you'll ever meet. inlove with ginamaria,buffalo new york,@peacock play @halloweenmovie now. Today is the official release day not tomorrow.,2021-10-14 14:33:42+00:00,0,0,0,0
19865166,nerdsandbeyond,34513,24903,"For the nerd in you. Articles, interviews, and exclusives on movies, television, and so much more. We've got you covered. 

Contact: staff@nerdsandbeyond.com",,DreamWorks Announces New Series 'Dragons: The Nine Realms' @dreamworks @hulu @peacock #DragonsTheNineRealms #JeremyShada https://t.co/sktg5wFDTc,2021-10-14 13:14:28+00:00,2,0,8,3
216585081,billythefitz78,105,3419,"Dork, freezer jockey, trivia savant.

Catch me hosting Stump Trivia every Tuesday night at the Abington Alehouse starting at 8 PM",,"@wwe @Peacock I don't watch Saudi shows. Stop trying so hard.

I will forego a damn classic.",2021-10-14 06:55:47+00:00,0,0,0,0
930998666977976321,Videonastys,633,12354,"The Video Nasties were 72 movies that were considered too extreme for the youth of the UK and banned back in the 80's. 

Our goal? Watch all 72 flicks!","Seattle, WA","Boy, outside of #HalloweenKills, @peacock doesn't have a lot of stuff. The A Team and ancient Johnny Carson episodes are cool and all, but not worth my 10 bucks a month.

Ah well, Halloween will be worth it.",2021-10-15 23:32:50+00:00,0,0,1,0
41475748,sukidog420,20,2144,,,"@agirlnamerissa Yes and no, they are slow adding shows I have requested tv show sence 1st 2 wks they been @peacock been available,   they do have good selection of stuff and live events nfl nba so on  @peacock and WWE if  your into that",2021-10-15 21:55:57+00:00,0,0,0,0
846745973321846784,ParkerOrtolani,4677,21470,product manager @buzzfeed + writer @9to5mac,New York,The first real @Tasty show is coming to @Peacock! https://t.co/qtK1r8AJVy,2021-10-15 21:16:19+00:00,0,0,1,0
812393126996361216,richardsalasjr,495,28957,"independent voter, openly gay, puerto rican & black, a bronx native, a sophomore college student",‚òÅÔ∏è9,Hey @peacock I‚Äôm going to watch the new #HalloweenMovie later on with the family. Say hello to @jamieleecurtis for me please and thanks,2021-10-15 21:15:08+00:00,0,0,0,0
3254134263,BryanShaneBeck,543,24450,"#RipGabby OurButterFlyAngel 

waffles are¬†just plain batter. 
Gamer Nerd 
#pride #Xbox
#playstation
can't we all just get along where gamers.","Henderson, KY",@peacock Any plans to also have Halloween ends on your streaming service ?,2021-10-15 20:59:19+00:00,0,0,0,0
1063629974203236352,TVsBen,157,12198,"Romans 7:15 
One-man boy band
Humorless dullard
Software engineering consultant
Freelance writer (@hothardware).","Illinois, USA",@HueyLewisNews @PsychPeacock What the heck @peacock https://t.co/JkSRnk301u,2021-10-15 20:37:15+00:00,0,0,0,0
17551703,dash_radio,82708,2833,Premium Radio. Free. No Commercials. info@dashradio.com/press@dashradio.com,,It‚Äôs #HalloweenKills Day¬†üò≥¬†The 14 year running franchise &amp; #MichaelMyers is back! @OfficialKierraM had the chance to chat with @OmarJDorsey about his role as Sheriff Barker &amp; working alongside #JamieLeeCurtis. #HalloweenKills is now in theaters &amp; streaming on @peacock! üéÉ https://t.co/XBuI8W69iA,2021-10-15 19:00:17+00:00,0,0,0,0
22053644,sagevalentine,2107,161277,Writer. Livetweeter. Candy Coated ü¶ã,"New Jersey, USA","@jason_blum @halloweenmovie I watched it on @Peacock. As much as I like the 2018 movie, I really like #HalloweenKills. I am looking forward to #HalloweenEnds. #EvilReturns",2021-10-15 18:19:19+00:00,0,0,3,0
170788402,therealshacoria,219,14165,Im from okc love wrestling and reading good books. i really like nice quotes from people so follow me by sending some.,"okc,ok",@ubongskanet @peacock The Undertaker,2021-10-15 16:25:38+00:00,0,0,2,0
203197275,ubongskanet,66,59,"l'm simple reservedüíØ
 Ambitious, niceüíØ
Conservative anüíØ 
A die-hard introvert.üíØ","Cape Town, South Africa",@therealshacoria @peacock Who is your Favoriteü§îü§î,2021-10-15 15:50:35+00:00,0,1,1,0
203197275,ubongskanet,66,59,"l'm simple reservedüíØ
 Ambitious, niceüíØ
Conservative anüíØ 
A die-hard introvert.üíØ","Cape Town, South Africa",@therealshacoria @peacock I'm a fan from BirthüòÑüòÑ,2021-10-15 15:48:26+00:00,0,0,2,0
170788402,therealshacoria,219,14165,Im from okc love wrestling and reading good books. i really like nice quotes from people so follow me by sending some.,"okc,ok",@ubongskanet @peacock Yep been watching since I was a kid,2021-10-15 15:46:29+00:00,0,2,2,1
203197275,ubongskanet,66,59,"l'm simple reservedüíØ
 Ambitious, niceüíØ
Conservative anüíØ 
A die-hard introvert.üíØ","Cape Town, South Africa",@therealshacoria @peacock Are you really a fan?,2021-10-15 15:33:17+00:00,0,1,1,0
589589488,Mvl4Mvp,80,3226,,,@CurrenSy_Spitta @netflix @hulu @peacock @hbomax @CurrenSy_Spitta needs a documentary who going step up to the plate,2021-10-15 12:17:07+00:00,0,0,0,0
830373171337580546,pauleybearXO,890,25788,Busy Being Successful üì∏ #vigeephotoartistry üëö #vigeetmarket ü©∞ #danceartistrymagazine,"Florida, USA","After last night and this mornings headache I would just like to recommend to everyone 
üî™
Go watch #Halloweenkills  in theaters ‚Ä¶ 
Loved it!! 

watching sober with less popcorn throwing tonight on @peacock with pizza and my man. https://t.co/72lN7rv1Gm",2021-10-15 09:23:12+00:00,0,0,3,0
105540009,bloodyflicks,4097,54803,Editor of Bloody Flicks  & co-author of It's Me Billy: Black Christmas Revisited,"Stoke-on-Trent, England","Here's @the_doctor1310's non-spoiler review of #HalloweenKills, which finally hits cinemas and @Peacock today https://t.co/vW4rCJXli2",2021-10-15 08:27:48+00:00,2,0,4,0
22053644,sagevalentine,2107,161277,Writer. Livetweeter. Candy Coated ü¶ã,"New Jersey, USA",Just finished watching #HalloweenKills on @Peacock and it was good. I‚Äôm waiting patiently for the Novelization to come out on the 28th. #HalloweenMovie,2021-10-15 06:40:25+00:00,0,0,0,0
1034081653612785664,IMonsters3,244,5167,I‚ù§Ô∏èMonsters & Horror Too! Here for the spooky & scary. #HHN Everyday is Halloween. Join the party! https://t.co/9G4fowSeLg,United States,"Well Damn! Why didn‚Äôt somebody tell me @Peacock runs on normal human time?!  I could‚Äôve started this movie an hour ago!  I have work in the morning!  I thought it wouldn‚Äôt be til 3am like @Netflix &amp; @HBOMAX, so I was just gonna wait til tomorrow night. Here we go! #HalloweenKills",2021-10-15 05:00:07+00:00,0,0,4,0
346965657,osmelvergara,3206,285291,well damn Jackie I can‚Äôt control the weather #BlackLivesMatter,"Miami, FL",thank you @peacock üôèüèΩ https://t.co/NCTGQtvcrq,2021-10-15 04:47:34+00:00,0,1,1,0
23216120,hopeful10_6,152,22776,"Creating custom metal expressions of love, thanks, commemoration, humor and attitude.",North America,@PaulLeisure4 @MeetThePress @annenbcnews @NBCNewsNow @peacock Respectfully - they would absolutely love to be 47%. They‚Äôd also love to be 20%. Evangelicals are maybe 15% even on Pride Day.,2021-10-15 03:02:18+00:00,0,0,0,0
23216120,hopeful10_6,152,22776,"Creating custom metal expressions of love, thanks, commemoration, humor and attitude.",North America,@MeetThePress @annenbcnews @NBCNewsNow @peacock Lol. Why? What possible new information can be taken a look at that would be of benefit to your audience? Why not do a report on how big money donors are blocking the passage of the Build Back Better Act - so they don‚Äôt have to pay more taxes? Do that story.,2021-10-15 03:00:47+00:00,0,0,0,0
322818548,HispanicallyUrs,1349,15704,Hispanically Yours: Celebrating The Latino Influence.,,"TELEVISION: Trailer released for Season 2 of @Peacock's ""#SavedbytheBell,"" starring #AlyciaPascualPe√±a (@alyciadelsol). https://t.co/yFr4dWuoYI",2021-10-15 02:53:48+00:00,1,0,0,0
322818548,HispanicallyUrs,1349,15704,Hispanically Yours: Celebrating The Latino Influence.,,"TELEVISION: Trailer released for Season 2 of @Peacock's ""#SavedbytheBell,"" starring #HaskiriVelazquez (@haskiri_). https://t.co/yFr4dWuoYI",2021-10-15 02:52:56+00:00,1,0,1,0
322818548,HispanicallyUrs,1349,15704,Hispanically Yours: Celebrating The Latino Influence.,,"TELEVISION: Trailer released for Season 2 of @Peacock's ""#SavedbytheBell,"" starring #MarioLopez (@mariolopezviva). https://t.co/yFr4dWuoYI",2021-10-15 02:51:35+00:00,1,0,0,0
537692737,AmplitudeUSA,2806,7646,enjoying the journey......üé• film üé¨. Ret. TM - writing/travel/wx/photography/ENT. ‚ù§Ô∏èüéºüå∂ü•§üèùüö§‚õ∞‚õ∫Ô∏èüé®‚≠êÔ∏èüåô‚òîÔ∏èüé£üéÉüçÅüé∏road trips/cooking/campfires/drive-Ins/animals,"Colorado, Chicago, Burbank",@FILMGAMESALLDAT @peacock Just found this ‚Ä¶ not sure what happened https://t.co/7wofgeVMTQ,2021-10-15 01:47:48+00:00,0,0,0,0
868033992,AaronTh79919330,45,2039,"Police Officer, Movie Nerd, Home Theater Geek","Illinois, USA",@AmplitudeUSA @peacock Nope,2021-10-15 01:42:10+00:00,0,0,1,0
1423793604879847425,FILMGAMESALLDAT,4,584,tell me ur favorite movie only so I can judge you,,@AmplitudeUSA @peacock It‚Äôs not on there??,2021-10-15 01:41:51+00:00,0,1,1,0
1333548552581222402,SandreaWorld,11,408,ESFP is my personality type... I thrive on #kindness #humans #positivity #music #art #energy #dance #write #create #business #smile,"2030 Empathy, Island",@peacock Shout out to #peacock for #halloweenkills #Peacocktober #Peacock  you better watchout @netflix #Netflix #COMPETITION #SaturdayVibes,2021-10-16 23:53:20+00:00,0,0,0,0
1449272740075110402,Abidkumarjoy70,0,8,,,"@USA_Network @nbc @peacock We demand safety of Bangladeshi Hindus. ‚úä

#Stop_Communal_Attack
#Save_Bangladeshi_Hindus
#BangladeshiHinduWantSafety
#WeDemandSafety
#WeDemandJustice
#SaveHindus
#SaveBangladeshiHindus
#SaveHinduTemples
#SaveOurCommunity
#SaveHumanity",2021-10-16 19:50:04+00:00,0,0,0,0
1480136215,DAlter007,3738,26154,,Earth,#HalloweenKills box office despite also being available on @peacock shows that digital day and date does not deter hardcore cinephiles from going to movie theaters. We already knew this. What we see during the pandemic is adults continue to resist: hence Bond sputtering.,2021-10-16 15:04:04+00:00,0,0,2,0
1106936755779977216,AssasinofEire,3,373,Unfortunately in the ‚ÄúUS‚Äù of A,,@USA_Network @nbc @peacock Itd be nice to watch the manchester united game but since NBC decided to put it on usa network whose app is total dogshit. Thanks for being useless,2021-10-16 14:14:52+00:00,0,0,1,0
19777078,USA_Network,259899,44013,"This week is BIG:
#WWERaw (Mon)
#WWENXT and #Chucky (Tues)
#TheSinner (Wed)
#ChrisleyKnowsBest & #AmericasBigDeal (Thurs)",,We'll see you at 11:35/10:35c on @NBC and @Peacock. #MrRobot https://t.co/9mRQbSqNXm,2021-10-16 13:45:39+00:00,0,2,18,1
1274224486691287040,fitz_on,1069,5690,"I like to talk about and break down movies. Movie Reviews, Movie Battles, Ranked Lists and Overlooked Movies.",,@halloweenmovie @Peacock premium is free if you have xfinity(comcast) internet otherwise it‚Äôs $5 a month‚Ä¶. Still a pretty good deal to watch a movie just released to theater(not $30 like Disney)  and there is a lot of other good content,2021-10-16 12:49:55+00:00,1,0,3,0
1149021685724508160,DisneyGuy87,135,21342,Disney fan and total kid at heart,N/A,Just saw #halloweenKills on @peacock it was great the ending had me like https://t.co/DzEk3ylBfC,2021-10-16 00:59:35+00:00,0,0,1,0
71724637,TASTEthis_TRISH,202,5299,ü§∏üèæ‚Äç‚ôÄÔ∏èü§éüíã‚òÑÔ∏èüåô                                       üí∞cashapp: $trishaka,,Separation on @peacock,2021-10-17 22:49:56+00:00,0,0,0,0
531580594,DLV_PRO,154,2666,"Electronics, IT, and Data Communications Professional, Like Survivor, YouTube Videos, Campy Movies. Into SciFi and Super Heros. Love Everything Christmas.","Cleveland / Akron, Ohio","Can't believe how fat, old, and bald Bryan from The Breakfast Club is on @halloweenmovie on @peacock @AnthonyMHall1",2021-10-17 22:16:35+00:00,0,0,0,0
303158350,danny_herrmann,347,7256,IT Security Officer with a passion for using WISDOM to mold security practices. CISSP too.   Fully vaccinated for Covid.,Philly,@GeoffShac @peacock Everything Comcast/NBC touches turns to crap,2021-10-17 21:50:36+00:00,0,0,0,0
113728283,RenoZag,112,5445,Veteran. Potty mouth. Retired after 40 years of working for The Man.  I miss Hunter S. Thompson and Frank Deford.   #CourageConquers. 1stAD. 1stCAV. #GoZags,"155 yards out, in the rough.","@GeoffShac @peacock Steve Sands says "" If you like watching the best in the world. . .""    We do. Too bad the wankers at NBC/GC can't get their feces amalgamated.",2021-10-17 21:41:00+00:00,0,0,1,0
731582870,jlwebbgolf,343,8748,"Titleist Fitting Specialist Certified Master Fitter, Club Builder, Proud American. Save a life adopt a Greyhound. Opinions are mine. Protect Free Speech","Indianapolis, IN",@GeoffShac @peacock @nbc @GolfChannel @peacockTV gold covered has gone to shit.,2021-10-17 21:19:26+00:00,0,0,1,0
20828993,GeoffShac,71433,53776,"Longtime host of https://t.co/SF6orQN9Zh, now publishing The Quadrilateral, a major championship-focused newsletter. Signing up is free.",California,@FuzzyGolf @peacock @NoLayingUp You pay handsomely for it so I‚Äôd hope so!,2021-10-17 21:15:09+00:00,0,1,0,0
20828993,GeoffShac,71433,53776,"Longtime host of https://t.co/SF6orQN9Zh, now publishing The Quadrilateral, a major championship-focused newsletter. Signing up is free.",California,I thought this is what @peacock was for? https://t.co/cLPByexNn0,2021-10-17 21:12:21+00:00,1,5,80,1
380625926,CloneDaddy1,1433,119840,SPORTS #NewYorkForeverüèÄ #LGM‚öæÔ∏è #FTTBüèà #NYRüèí #OrlandoCity ‚öΩÔ∏è MOVIES #JamesBond #MovieTwitter #Oscars POLITICS #Liberal #Vaxxed üíâüíâ,Clonus ,"My current ranking of the streaming services: 
1. @HBOMax 
2. @Netflix 
3. @Hulu 
4. @PrimeVideo 
5. @Peacock 
6. @disneyplus 
7. @paramountplus",2021-10-17 21:03:48+00:00,0,1,0,0
33504583,fitswimmer09,268,27546,thoroughly enjoying my mid-life crisis,Central Florida,"Big mistake, FX. Huge. What say you @Netflix, @Peacock, @paramountplus @AppleTVPlus ?? https://t.co/GO7l4781Yq",2021-10-17 18:42:58+00:00,0,0,1,0
798312344745082880,MrRobotTake2,890,12861,"Go #Flyers #Phillies #Eagles #Arsenal #WeAre #PennState #Sixers #GoNova
Fan of Martin Truex Jr","Philly and The Woodlands,Texas",Holy shit @NASCARonNBC is on @peacock.That means I can watch the replay when I‚Äôm off from work.,2021-10-17 05:20:48+00:00,0,0,0,0
19991656,robcaplis,627,5566,"""... the only means of fighting a plague is common decency.‚Äù ‚Äî Albert Camus",,"Tonight‚Äôs Show: ‚ÄúHalloween Kills‚Äù

Settling in for a remote viewing party with @CiaranGrumley on @Peacock. Thankfully, we can watch this from home with lights out‚Ä¶

https://t.co/2f5bpa5qI4",2021-10-17 00:35:15+00:00,1,1,2,0
1897918189,3csman,14,9341,,,"@larrywilmore Finally got @Peacock so I could watch the new Halloween movie, and wanted to watch your show (NBCU). 

I found Amber Ruffin's show but not yours.

 ¬øQu√©¬†pas√≥? https://t.co/ZoCeOxmfoB",2021-10-18 18:13:54+00:00,0,0,0,0
57603962,J_2themax,2262,35673,"Everybody knows, everybody knows","Bozeman, MT","Reposted from @paulheyman Cast your vote in your comments below!

Repost: @WWE: Who has the better relationship with @PaulHeyman? #SpecialCounsel vs #Advocate  #CrownJewel @Peacock @WWENetwork https://t.co/2v6Gpmmeij",2021-10-18 05:57:43+00:00,0,0,0,0
108404237,MatthewDillner,34781,54301,2-time Dad. Co-Host @LostSpeedways on @PeacockTV @HistoryTVCanada. @DirtyMoMedia Producer of The @DaleJr Download.@JRMotorsports. ‚ù§Ô∏èHistory. Racer.Peter 5:6-7,"Concord, NC","What a day at the Winchester 400!  Had a great opportunity to speak, during pre-race, to a packed house at @FastestHalfMile about #LostSpeedways on @peacock. So thankful for that. https://t.co/tEN2vOlbOt",2021-10-18 05:41:37+00:00,2,1,88,0
26769119,Nadia_Holliday,2208,172803,Wall St. Chick turned REALTOR| FUNDING SPECIALIST| CREDIT REPAIR EXPERT| WRITER| AUTHOR| PRODUCER| PLASTIC SURGERY CONSULTANT| and E-COM BIZ OWNER| ‚ôçÔ∏èüá∫üá∏&üáµüá¶,At The Bank or On Set!,Is @Netflix @PrimeVideo @Hulu @Peacock @LMN or @hallmarkchannel looking for a Black Christmas/Holiday Movie‚Ä¶ Because I‚Äôm about to write an AMAZING one‚Ä¶ üôÉ I‚Äôve even cast some of the roles in my head. I love Christmas movies. ü•∞,2021-10-18 04:30:34+00:00,0,0,0,0
823564321145966596,PinkLemonadePie,1063,37467,"DUI defense attorney, sorority alumna, when I use the F-word it has 8 syllables. Member of the SouthEast Branch of the #ResistanceBarAssociation. She/Her/They",Solana Resort in Benidorm ,"@Peacock. Wanted to watch Halloween Kills. We already had Peacock. Tried to watch it last night &amp; you‚Äôre advertising it‚Äôs available on Peacock w/o mentioning only with Peacock+ or Premium+. Hello @FTC- seems like an unfair &amp; deceptive biz practice  but hey, I‚Äôm just a lawyer. https://t.co/ozmuNgi2bI",2021-10-18 01:37:29+00:00,0,0,0,1
2157229016,therealkrupster,199,6296,"ERCOT Trader, FSU c/o ‚Äò98ish, Go Noles! Pittsburgh sports fan, golf nut, fisherman, and Dad.","Austin, TX",@GeoffShac @peacock Kinda like that the pga tour got the shaft.  Not like they will let it happen again‚Ä¶ except the fall season.  üòâ,2021-10-18 00:50:09+00:00,0,0,0,0
75432232,Adrians_Spirit,331,17507,"I am very RANDOM!!!!!!! My addictions include: #ZoeyPlaylist, #RoswellNM #GoodTrouble, #UmbrellaAcademy. #TVDFOREVER",Depends on the show ,I love #froger so much @peacock I'm just talking &amp; laughing SO much right know.,2021-10-18 00:15:00+00:00,0,0,0,0
1336789443404029953,CLBautista4,39,602,"üá∫üá∏üåàüçÄCorgMom, wife of Patti (a disabled combat vet), mom to corgis Aonghus, Harmony, Dragon and Rainer. She/her","St Paul, MN",@kellyclarkson My DISH just canceled my NBC local station! #KARE11. Have to buy @Peacock and watch a day late.  #GoTeamKelly,2021-10-19 00:41:03+00:00,0,0,0,0
1917529934,ChipHersh,69,3009,I am the unluckiest guy in the world!,"Muncie, IN",@MatthewDillner @FastestHalfMile @peacock @bobdillner @Lucas_Oil @JEGSPerformance I knew I recognized you while we were hanging around the Bluebird.  Been kicking myself for not saying hey,2021-10-19 00:17:28+00:00,0,0,0,0
14787705,dragonflyeye,11012,113988,Boo! You're a fraud!,"Rochester, NY","""The News Desk""? What the hell is this, @FoxRochester? Stick to the funnies. I'm flipping to @peacock whist I wait.",2021-10-20 22:28:40+00:00,0,0,0,0
32297367,Triqsz,794,10122,Tariq Mohamed here and this is my twitter page,"Queens, NY",@wrestlingandy @AEW @TBSNetwork @tntdrama @WWE @WWEOnUSANetwork @WWEonFOX @peacock True dat https://t.co/k1VeYzQttQ,2021-10-20 12:04:49+00:00,0,0,0,0
17330584,wrestlingandy,3745,31767,"You just have to put in the work, help out and expect nothing in return.","Beloit, WI",@Triqsz @AEW @TBSNetwork @tntdrama @WWE @WWEOnUSANetwork @WWEonFOX @peacock That‚Äôs way too many faceplate videos.,2021-10-20 11:51:11+00:00,0,1,0,0
32297367,Triqsz,794,10122,Tariq Mohamed here and this is my twitter page,"Queens, NY",Since @AEW made a @TBSNetwork championship and a @tntdrama championship then should @WWE follow suit and make a @WWEOnUSANetwork and @WWEonFOX and @peacock championships?,2021-10-20 11:33:40+00:00,1,1,1,0
24320465,rsmon77,710,132221,"Contributor to https://t.co/8DBfxRyGoi, writer, geek, alien worm controlling a flesh bag of mostly water, thoughts are his own #TCMParty #StewARama #CultShelf",You ask too many questions,@LiveTweetsCal @CultShelf @Shudder @peacock @Tubi #CultShelf Also available on: https://t.co/DDyYlMqNRI,2021-10-20 03:51:39+00:00,0,0,1,0
1165690094461882368,LiveTweetsCal,980,6839,"@JaymeMcKenna's LiveTweets Calendar bot. Follow me for reminders of scheduled LiveTweets & WatchParties

View the calendar at https://t.co/OfASkENnVl

Enjoy ‚ù§Ô∏è",USA üá∫üá∏,"The CultShelf LiveTweet of ""#Phantasm"" (1979) begins at 9pm PT/12am ET

Hosted by @rsmon77/@CultShelf

Watch together on @Shudder at https://t.co/MsLA9tdSod, @Peacock at https://t.co/0146hZjXjd or @Tubi at https://t.co/SpBcN3PYBj and include the #CultShelf hashtag in your tweets https://t.co/QZD64MSlxE",2021-10-20 03:45:00+00:00,1,1,4,0
1280906312818331648,RennertRita,72,45265,,,So many love #ProdigalSon please do us a favor and #SaveProdigalSon thank you. @peacock @ParamountMovies,2021-10-20 01:57:45+00:00,0,0,0,0
626650634,RichardFLopes,157,8638,"Sharing my wit and wisdom with the masses. I never know what I'm gonna say so get ready! A Liberal, so F off if you don't like it.","Bronx, NY",/@peacock @WWE This streaming of live events is HORRIBLE. Why can't we see them immediately after they end like it used to be? I really hope you get this together or that WWE goes back to running #WWENetwork in the U.S.,2021-10-21 20:59:40+00:00,0,0,0,0
174052822,jessemarkes,442,24165,"https://t.co/xx50Ca5voq‚Ä¶ 
i'm the of #markesinwheelchair or #miwc

@markespodcast",AMSTERDAM NY,:good stuff tonight @peacock https://t.co/MYIN8MhQz9 https://t.co/HbNpp2WCLy,2021-10-21 20:51:02+00:00,0,0,0,0
174052822,jessemarkes,442,24165,"https://t.co/xx50Ca5voq‚Ä¶ 
i'm the of #markesinwheelchair or #miwc

@markespodcast",AMSTERDAM NY,":good stuff tonight @peacock https://t.co/MYIN8MhQz9
Good stuff tonight on @NXTUK. #nxtuk https://t.co/jJdq9F8iMu",2021-10-21 20:35:36+00:00,0,0,0,0
43040923,RULLUR,4477,137227,"Entertainment Artist, Co-Host of @CruzIncRadio, & @TheManicTiger Co-Founder. #VigilanteOfEntertainment Married to @MistressHaydee.
 Book me at: RULLUR@Yahoo.com","NC/VA/OH/GA/NM/PA, USA","#WWECrownJewel: Very weird of @peacock to buffer during this Women's Triple Threat match and then I notice the sound was low, but turned out the volume level on Peacock reset itself back to being up halfway. Had to click over and turn it back up again. #GiveUSBackWWENetwork",2021-10-21 19:19:48+00:00,0,0,0,0
491689367,efabLiz,5701,43277,"Happy wife, üê∂üêôüêòüê¢Lover #Resist #VoteBlue #BidenHarris üè≥Ô∏è‚Äçüåà‚úäüèΩ‚úäüèæ‚úäüèøüíÉüèª","Minnesota, USA",@peggyann5110 @peacock @BravoTV Lol - right Margaret.,2021-10-21 18:27:38+00:00,0,0,1,0
2756056283,peggyann5110,426,22583,,,@efabLiz @peacock @BravoTV I wouldn‚Äôt waste time reading it if I found it in a train station üòú thanks for the review I hope it saves a bunch of people that were debating the purchase üëç,2021-10-21 18:25:25+00:00,0,1,1,0
43040923,RULLUR,4477,137227,"Entertainment Artist, Co-Host of @CruzIncRadio, & @TheManicTiger Co-Founder. #VigilanteOfEntertainment Married to @MistressHaydee.
 Book me at: RULLUR@Yahoo.com","NC/VA/OH/GA/NM/PA, USA","#WWECrownJewel: Did they really mean to give Charlotte like a 3sec promotional video? Seemed more like it was supposed to be longer, but @Peacock wanted to shove in whatever other shit they had before cutting back to WWE's broadcast. #GiveUSBackWWENetwork",2021-10-21 17:37:45+00:00,0,0,1,0
2731070125,Justiceinmo,25,1136,"Midwesterner, Veteran, Writer, Activist, Gamer. Poet. Available to appear on your podcast. Bookings - Email Rob.l.witt27@gmail.com",Indiana,Hey @Peacock fix your shit. #CrownJewel #Peacock #Noaudio,2021-10-21 16:41:12+00:00,0,0,0,0
96822166,VocabularyCom,61636,16513,https://t.co/raDaaT5jez The most intelligent way to improve vocabulary. #VocabBowl #VocabJam Need Help? @VocabcomHelp Site Status: @VocabcomStatus,,"Before you watch the season finale of ONE OF US IS LYING on @peacock ‚Äî enjoy the novel by @writerkmc: https://t.co/GqforGrr7n.

#BookoftheWeek #OneofUsIsLying https://t.co/fyeH1E5waq",2021-10-21 15:50:04+00:00,0,0,2,1
18577428,FullNameXtian,161,28918,He/Him/Bro/Bruh/Bruv/Broham #lakernation #mufc #StopAsianHate IG: https://t.co/cjSQOkXiTr,"Koreatown, Los Angeles",Who wanna take bets that the @peacock app gonna take a shit during Crown Jewel?,2021-10-21 15:24:19+00:00,0,0,0,0
708380819,FamousNerdy,518,1128,#FamousNerd #BlackLivesMatter,"Pittsburgh,  PA","Hey @peacock @PeacockTVCare , I want automatic subtitles on every movies and shows, I sick of it every time I have not use peacock and I had to turn on the subtitles each time why don‚Äôt leave it alone easy for me and all deaf people‚Ä¶",2021-10-21 13:18:30+00:00,0,1,0,0
491689367,efabLiz,5701,43277,"Happy wife, üê∂üêôüêòüê¢Lover #Resist #VoteBlue #BidenHarris üè≥Ô∏è‚Äçüåà‚úäüèΩ‚úäüèæ‚úäüèøüíÉüèª","Minnesota, USA",I love they conveniently left out this pic of the book party. I guess Bravo TV really doesn‚Äôt stand by Dr. Tiffany Moon. @peacock @BravoTV https://t.co/XhQakRW8Zf,2021-10-21 11:53:37+00:00,0,3,7,0
2808484734,MyESpirit,70,2609,"A #thinker, #writer, #dreamer & #builder.  

I've got big dreams involving #Poker

I primarily write #FMG, #FemaleTransformation and #Bimboization stories",A prison of my own choosing...,"@WWE @AustinCreedWins @FinnBalor @peacockTV @WWENetwork Gee if only @Peacock allowed you to rewind and FFWD

Then maybe I wouldn't have to wait for it to be over to start watching it

#HailKingWoods",2021-10-21 09:09:46+00:00,0,0,0,0
18025295,cblazblaz,1817,723397,Vaxxedüëç I‚Äôm still wearing my mask.. it‚Äôs not that hard for me..I go out occasionally üëçüëç,"Arizona, USA","Which ‚ÄúNBC‚Äù? @NBC, @CNBC, @MSNBC, @Peacock, etc ü§£ü§£ü§£ @JohnFugelsang @StephMillerShow @fromthebunkerjr @bobcesca_go @AuthorKimberley @KompromatBand @MichaelJElston @dailybeanspod @chrislhayes @JoyAnnReid @Lawrence https://t.co/dC4TVHQiIa",2021-10-22 21:33:55+00:00,0,0,1,0
895312221164765185,KWardCummings,2935,5320,"Proud Veteran and author, Partner to Power: A book about the Jared Kushners of American presidential history.",United States,.@fuboTV .@peacock: Are all premier league games available live on Fubo?,2021-10-22 13:28:02+00:00,0,1,0,0
895312221164765185,KWardCummings,2935,5320,"Proud Veteran and author, Partner to Power: A book about the Jared Kushners of American presidential history.",United States,".@peacock, question: Next year, will it continue to be the policy of NBC to spread live coverage of premier leagues across NBC platforms? I subscribed to Peacock under the false impression that it would be the locus of all games. There is a derby tomorrow not showing on peacock.",2021-10-22 13:20:25+00:00,0,0,0,0
1445808442757685248,ionic_breeze,4,263,"Amateur Reviewer, lover of all things film and TV related. #BLM, #LGBTQ ally, #Vaccinated He/Him, Autistic, Asexual
IMDb Profile:https://t.co/k48ueYeq49‚Ä¶",,"Um....@Peacock. You cut out the post credit scene with Andy Barclay from Curse of Chucky on the service. Please rectify this when possible, thank you.",2021-10-22 02:45:06+00:00,0,0,0,0
1544626561,SadamPK,6,3453,,Tehsil Ghazi,"@PlayZeeGame @peacock @WWE Watch and subscribe plz
https://t.co/6Y5X3eNdFO",2021-10-22 02:02:51+00:00,0,0,0,0
1181173192146087937,PlayZeeGame,107,4124,"The one and only, true Uber Gamer.  I'm passionate about: wrestling, video games, TTRPG's, and my dog.

Unbesiegba!","Olympia, WA","@Peacock needs a way to rate shows, so I can down vote every single @WWE PPV.

#WWECrownJewel",2021-10-22 02:02:10+00:00,0,1,0,0
2716126397,seren_rose,135,799,"This is my modeling page. I started last year, I'm having fun and learning every step of the way. Love to socialize, have fun....",Indiana,Watching it now thank you @Peacock for #HalloweenKills I was sick on my birthday so I'm glad I get to watch out at homeüß° made my Halloween https://t.co/6KfNbSqGeh,2021-10-23 15:42:44+00:00,0,0,0,0
14802013,twilight2000,1659,267474,"Writer, teacher, mother, event planner, software engineer & paleowhovian. I twitter politics & am often shocked at just how crazy the extreme right can get.",Left Coast of the US,"Hey @Peacock, I understand not being able to fast forward through the commercials but you won't let me rewind to see a scene I missed? That makes absolutely no sense!",2021-10-23 15:41:10+00:00,0,0,0,0
910227967007232001,realJJGOesq,651,23572,"Catholic. Father. Husband. Attorney. Michigan Bus. & Law school grad. Writer. Here for humor, sports, and life. #Godbless","Michigan, USA",No way am I streaming anything from @peacock,2021-10-23 13:35:37+00:00,0,0,0,0
1440896934806360067,whoroscop,16,545,A simple man in search for a non NPC woman,Brazil,Also fuck @peacock,2021-10-23 13:16:08+00:00,0,0,1,0
1450434602707800065,RwaMarbella,13,3,,,"So the National Bird of our country and such a beautiful one came to say good morning to us!

#Marbella #Home #Beautiful #Morning #NationalBird @Peacock #Lovely https://t.co/ax3g7COW0P",2021-10-23 12:51:27+00:00,1,0,5,0
21267453,miccarty,68,1496,I like tweed.,Denver,Why does @Peacock not have Mark Hanretty commentary?? It‚Äôs a real bummer. #SkateAmerica2021,2021-10-23 02:58:10+00:00,0,0,1,0
33205889,delojac,66,16111,,,"Holy Cow! Brad Pitt and Henry  Louis Gates are producers of @Peacock's #CivilWar on @msnbc tonight at 10pm!
The ""A"" Team for sure!
@BradPittWilli17 @HenryLouisGates",2021-10-24 18:51:04+00:00,0,0,1,0
1237224153230409728,GeneralDegree6,5,5,,,@peacock y‚Äôall need to stream every EPL games! I ain‚Äôt paying for nothing,2021-10-24 17:07:57+00:00,0,0,0,0
895312221164765185,KWardCummings,2935,5320,"Proud Veteran and author, Partner to Power: A book about the Jared Kushners of American presidential history.",United States,".@fuboTV, question: how is it you can show multiple premier league games on your ONE platform when .@peacock cannot?",2021-10-24 12:14:18+00:00,0,1,0,0
48225522,hbkid718,857,110875,,"Howard Beach, NY","I had to watch the Kickoff Match on Youtube, since it wasn't on @Peacock. @CedricAlexander &amp; @Sheltyb803 VS @WWEUsos was a fun match even though I think they only reason they did it was because all 4 men were already going to be there for later #WWECrownJewel #DBWL",2021-10-24 00:40:41+00:00,0,1,0,0
786177209467752452,VHSistheFUTURE,4,241,,,@peacockTV i have a @peacock ad free account and i will be watching on my desktop using an ad blocker to block the ads i pay not to watch #peacocksfavoritecustomer,2021-10-24 00:07:12+00:00,0,0,0,0
137512422,nebulouswonder,1255,118286,"Send coffee.  

Former Incubator.

One half hillbilly and one half punk.

$ThatTxMom",NTX,"I should not have had to dig as much as I did to find Civil War, @peacock.",2021-10-25 23:55:37+00:00,0,0,0,0
200639028,JBumbalough,485,22599,I‚Äôm here for #movies and #comics and #sci-fi. #dccomics #starwars #tcm #tcmparty #startrek #classicmovies #oldmovies,"Tennessee, USA",@jpalmiotti @peacock has Halloween themed playlists of some shows and I watched all 9‚Äì10 episodes of the Murder She Wrote spooky episodes. I‚Äôll probably start the series from the beginning.,2021-10-25 16:22:23+00:00,0,0,0,0
199705862,RyanSportsMed,3589,4251,"NBC's Sports Medicine Analyst, Living Healthy Enthusiast, former NFL Athletic Trainer / Physical Therapist Spartan Racer, Ironman Triathlete x6, Loyal Dog Lover","Jacksonville Beach, Florida","@snfonnbc TONIGHT on Sunday Night Football: @colts vs. @49ers 

#sundaynightfootbal 
üì∫ NBC and @peacock https://t.co/6z1kq974TJ",2021-10-25 02:55:40+00:00,0,0,1,0
29993888,1029thebuzz,9867,39782,"102.9 The Buzz - WBUZ FM - We are Free Beer & Hot Wings in the morning, Nashville's Rock Station all day!","Nashville, TN",Halloween is one week from tonight! I'm gonna wrap up the weekend Buzz with some Michael Myers on @Xfinity and @peacock -Dagwood #Peacocktober #Xfinity #ad https://t.co/WX88kFbjKB,2021-10-25 00:10:26+00:00,1,0,5,0
2353555408,sassylady22001,35,957,,"Florida, USA",@MaskedSingerFOX definitely the @peacock @donnyosmond,2021-10-26 14:22:44+00:00,0,0,0,0
4775248213,AbbeyScott16,1867,84831,"When we try to pick out anything by itself, we find it hitched to everything else in the Universe‚Ä¢John Muir‚Ä¢Love Animals, Nature, Music, Art, Films",California,@sisinobubblez @peacockTV @BravoTV @peacock But how did you get it on Peacock??,2021-10-26 04:01:50+00:00,0,0,0,0
459302689,sisinobubblez,299,52688,Almost nothing on here should be taken seriously. She/Her,Aruba - New York - The Hague,@AbbeyScott16 @peacockTV @BravoTV @peacock Yo I‚Äôm just a person watching a show be cool,2021-10-26 01:53:38+00:00,0,1,0,0
4775248213,AbbeyScott16,1867,84831,"When we try to pick out anything by itself, we find it hitched to everything else in the Universe‚Ä¢John Muir‚Ä¢Love Animals, Nature, Music, Art, Films",California,@sisinobubblez What?? It said in an article that the new season will be a day late on @peacockTV ü§¨ And it isn't on the app I'm on. How did you get it! And shame on @BravoTV @Peacock for steaming it a day late!,2021-10-26 01:52:40+00:00,0,1,0,0
1641605898,MedicChris13,44,6967,"Patriot, Soldier, American. Army Combat Medic. Veteran of PGW, OEF, OIF.",üá∫üá∏üá∫üá∏üá∫üá∏,@peacock should have fixed a glaring mistake in #thelostsymbol The CIA doesn't conduct any operations on American soil. It's the law.,2021-10-26 00:21:30+00:00,0,0,0,0
393445216,ofConfusion,6658,5657,Management and production for some of Hollywood's hottest properties and brightest talent.,,"PROFIT OR PEOPLE? üè• Don't miss client @MichelleForbes in NEW AMSTERDAM! New episode, ""Laughter and Hope and a Sock in the Eye"" is on @NBC and @Peacock TONIGHT! https://t.co/Xw1U2cvYc5",2021-10-27 00:10:32+00:00,0,0,1,0
1352925686,ShawnHallz,38,281,"BYU grad, future archivist, and avid sports, history, and film fan.","Las Vegas, NV",I found out earlier this week that @Peacock has a ton of the original Universal monster horror films for free and am trying to binge them all before Halloween.,2021-10-28 23:40:49+00:00,0,1,3,0
527056695,wandawallace7,4,86,Dumpster Diver,,@peacock#My granddaughter is cutest Minnie Mouse,2021-10-28 23:40:41+00:00,0,0,0,0
2548472670,MelissaSamec,12,227,,,@peacockTV @peacock the best Halloween  custom is  all my coworker doing snow white and the seven dwarfs  tomorrow  at work!,2021-10-28 22:20:27+00:00,0,0,0,0
1171155332917321730,peacockTV,174261,46773,It‚Äôs officially spooky season üéÉ Stream your favorite horror movies and Halloween episodes all #Peacocktober long. üëá,,@KAu04584241 @peacock @KAu04584241 This is no trick...you've got a Peacocktober x Halloween Kills prize kit headed your way! Congrats! ü•≥üç¨And don't forget to join @VanessaHudgens as she watches #HalloweenKills LIVE tonight on @peacockTV's TikTok at 10pm ET/7pm PT.,2021-10-28 21:36:44+00:00,0,0,0,0
774384695903518720,Jamiprater11,19,2200,,,@peacockTV @peacock tv+use#peacocktobersweepstakes&amp;peacocktv,2021-10-28 21:28:27+00:00,0,0,0,0
1171155332917321730,peacockTV,174261,46773,It‚Äôs officially spooky season üéÉ Stream your favorite horror movies and Halloween episodes all #Peacocktober long. üëá,,@JenniferCitt @peacock @JenniferCitt You're one step closer to some major treats! üç¨ Click here to confirm and enter The Peacocktober x Halloween Kills Sweepstakes: https://t.co/0EeAfXuUnI,2021-10-28 20:40:29+00:00,0,0,0,0
1171155332917321730,peacockTV,174261,46773,It‚Äôs officially spooky season üéÉ Stream your favorite horror movies and Halloween episodes all #Peacocktober long. üëá,,@KAu04584241 @peacock @KAu04584241 Thanks for playing along with the Peacocktober x Halloween Kills Sweepstakes. Click here to confirm and enter: https://t.co/mvSREK9A7T,2021-10-28 20:22:35+00:00,0,0,0,0
1450509373495824387,HopeExum2,0,1,,,@peacockTV @Peacock ¬†#PeacocktoberSweepstakes  love the sugar skull costume...Amazing,2021-10-28 20:09:49+00:00,0,0,0,0
14157112,JoyShiningStar,776,20766,"Engaged to @jbderek87.  
My Armor of God/Fruits of the Spirit make a StarlitCrown! (Dan12:3,James 1:12,Rev 2:10)",SoCal,"Very smart to launch another film @peacock as @JamesRoday &amp; @maggielawson are a talented duo! 

Following you both now. https://t.co/lletKsGUnH",2021-10-29 21:37:34+00:00,0,0,1,0
51311093,RobynKanter,242,9559,"Landscape Designer, Ski Instructor, Boater on the beautiful Essex River. Mad fan of figure skating","Essex, Ma","Ok The World feed still active but  we can‚Äôt see it on Peacock? Not sure who to blame at this point.. but SUPER PISSED we didn‚Äôt see Sui/Han., hey @Peacock.. can you at least make sure the Men‚Äôs is not screwed up",2021-10-29 21:09:46+00:00,0,0,0,0
706941848670101504,609johna,53,1048,#Raiders #A's #Flyers #Phillies #RaiderNation #USC,,"@Variety @peacock Please, Please stop putting these garbage shows on TV.",2021-10-29 20:42:06+00:00,0,0,0,0
1248748182944788481,fightingforyang,899,14506,"Journalist/Filmmaking/#WritingCommunity tweeter and Lover of all things reading and writingüìöüìù @Wattpad Writer, Disability advocate üíú","Marengo, IL","Are you kidding me @Peacock?! #HALLOWEENkills is ONLY available for Premium!! I want REALLY looking forward to watch this üò©üò©

Well ü§∑‚Äç‚ôÄÔ∏è, I guess I can look around some more and watch @TheEllenShow‚Äôs #HalloweenSpecial later today üß°üß°",2021-10-29 19:30:33+00:00,0,0,0,0
18499636,ClevelandLeah,2171,40658,üéß Host/Producer @WULeahLongbrake üéß Producer @StreamEvergreen üë©üèª‚Äç‚öñÔ∏è President @CAB_CLE ‚ô•Ô∏è Love @CLEPatrick75 & #CLE,The Home of Rock n' Roll! ,@lesleyabravanel @Variety @peacock Ooooh Napa Valley would be great!,2021-10-29 17:54:29+00:00,0,0,1,0
27943005,lesleyabravanel,64249,135415,"NY-grown, FL-tanned, scribe, word nerd, TV junkie, game show champ, yenta, wife, twin mama, hot sauce collector, Bloody Mary maven &, says @NYPost, savvy gadfly","Florida, USA","@ClevelandLeah @Variety @peacock I‚Äôd love to see Chicago, Nashville and Napa Valley. Living in Miami and environs makes it very boring to watch on tv. They also stuck with much of the same cast so hopefully the new gals bring something of interest.",2021-10-29 17:54:01+00:00,0,1,1,0
18499636,ClevelandLeah,2171,40658,üéß Host/Producer @WULeahLongbrake üéß Producer @StreamEvergreen üë©üèª‚Äç‚öñÔ∏è President @CAB_CLE ‚ô•Ô∏è Love @CLEPatrick75 & #CLE,The Home of Rock n' Roll! ,@lesleyabravanel @Variety @peacock Yeah I got bored with it after season 1. Hopefully the reboot will be better. I wonder if we'll get a Chicago or Nashville at some point.,2021-10-29 17:52:27+00:00,0,1,0,0
1449961571791298567,BSuhor,16,273,Democratic forever,,@Variety @peacock Did they go to the same nose surgeon ?,2021-10-29 17:42:44+00:00,0,0,0,0
27943005,lesleyabravanel,64249,135415,"NY-grown, FL-tanned, scribe, word nerd, TV junkie, game show champ, yenta, wife, twin mama, hot sauce collector, Bloody Mary maven &, says @NYPost, savvy gadfly","Florida, USA",@ClevelandLeah @Variety @peacock DC coulda been fabulous. I think Miami just scraped the bottom of DC. Miami was just abysmal.,2021-10-29 17:40:59+00:00,0,1,1,0
18499636,ClevelandLeah,2171,40658,üéß Host/Producer @WULeahLongbrake üéß Producer @StreamEvergreen üë©üèª‚Äç‚öñÔ∏è President @CAB_CLE ‚ô•Ô∏è Love @CLEPatrick75 & #CLE,The Home of Rock n' Roll! ,"@lesleyabravanel @Variety @peacock Was it lower than D.C.? (Which I had high hopes for, and wound up disappointed)",2021-10-29 17:40:15+00:00,0,1,0,0
27943005,lesleyabravanel,64249,135415,"NY-grown, FL-tanned, scribe, word nerd, TV junkie, game show champ, yenta, wife, twin mama, hot sauce collector, Bloody Mary maven &, says @NYPost, savvy gadfly","Florida, USA",@Variety @peacock Eight years after it was the lowest rated debacle in franchise history! Straight to steaming is wise.,2021-10-29 17:37:41+00:00,0,1,4,0
1447220417308110859,IainB13rown,37,1135,"Just some guy from Canada with alot of opinions.
(and no, I'm not a 'robot')",Hamilton Ontario ,@Variety @peacock who gives a fuck about a bunch of gold diggers who have never worked or earned anything themselves a day in their lives????,2021-10-29 17:08:06+00:00,0,0,1,0
1968100874,BellaCosper,856,10321,"I ‚ù§Ô∏è TV. Writer @CBS Pipeline, @Respectability Lab 2021, WarnerMedia Finalist, Bruin, Performer @KMR
Biz = @mediaeggroll.","Los Angeles, CA",@Variety @peacock Been waiting for the pushup bra to trend again,2021-10-29 17:02:02+00:00,0,0,1,0
17525171,Variety,2632722,348782,The business of entertainment.,"Los Angeles, CA",'Real Housewives of Miami' Is Coming to @Peacock in December ‚Äî Eight Years After It Last Aired https://t.co/ZTKTlrbTOk,2021-10-29 17:00:31+00:00,3,10,44,7
1405230881569116161,WWEPeacockery,1836,4362,"Peacock Queen. Every time Peacock adds something that‚Äôs ‚Äúnew‚Äù but classic to their WWE section, we‚Äôll document it here. Also @WWEChronologic. Tips $akatattack",Deep inside the Peacock app,Tonight on @peacock!  Three fun matches including @SarrayWWE and @KatrinaC_WWE doing their thing‚Ä¶ and did you know my queen @SamanthaTheBomb our our 205 hostess?  Many reasons to watch! https://t.co/S55YsclUH1,2021-10-29 14:28:08+00:00,0,0,1,0
305981835,MrjBmg_,650,80884,Aquarius‚Ä¢ Avid Reader‚Ä¢ Lawyer,Earth Prime,Wouldn‚Äôt mind seeing an adaptation of the from blood and ash series. @neflix @peacock @hulu @hbomax,2021-10-29 11:44:21+00:00,0,0,0,0
1441220867728416768,JohnnieSnt,4,100,Your life: Love It Live It Harmonize It An Give It Rock And Roll Baby üé∏,,ROH Tape Library Available To Highest Bidder @Peacock @Wwe ‚Å¶@VinceMcMahon‚Å©  https://t.co/U98GItOMwP,2021-10-29 06:24:01+00:00,0,0,0,0
73731838,Merrily_,222,12182,,,"@Laurie_Steele I don't think it streams on @Peacock,  no idea why.",2021-10-29 02:25:18+00:00,0,0,1,0
26004323,Events_Geoffrey,427,14615,"@detroitcityfc supporter. LFC FAN! Event Producer, Production Director, music enthusiast, scifi fan, politics junky, avid tippler.üåà","Detroit, MI and NYC",@Variety @hulu I want to pay less for the service since I don‚Äôt want to pay for kardashios. Or. Since @peacock gives me all my @PLinUSA maybe I‚Äôll drop @hulu all together.,2021-10-29 01:31:47+00:00,0,0,1,0
