author_id,username,author_followers,author_tweets,author_description,author_location,text,created_at,geo,retweets,replies,likes,quote_count
47209839,BMDinTDOT,4124,33193,"Day 1 Raptors Fan, Was at the SkyDome when Joe Carter hit the famous World Series winning home run, The Leafs have Auston Matthews now, Hulk Hogan is the GOAT",Toronto,"@ringsidenews_ It's not laziness a lot of people watch the Network on devices like Xbox, PS etc that don't have a Peacock app they could get screwed because of this. Also a lot of people watch the U.S. version in other countries and it could be hard to sign up for a Peacock subscription.",2021-01-30 19:04:44+00:00,,0,0,0,0
1333606583432065026,topterta,20,103,"Best friends talking about video games, pro wrestling, comics, and more. Hot takes. Bad Opinions. Great banter. New episodes every Monday at 12pm EST",,"ğŸ§Ep. 17 is LiveğŸ§

This week we discuss the WWE Network moving to Peacock, the Microsoft/Xbox Live debacle, football news, Undertaker comments, and Ninja's parenting advice.

Spotify
https://t.co/RFY0p85tuy

iTunes
https://t.co/4EJ6pNb0sW

Youtube
https://t.co/OEND5OZed2 https://t.co/tTkVJVX9eG",2021-02-01 16:44:46+00:00,,1,0,2,2
435234555,TheNeonParadox,403,17311,Virtual photographer. Lover of classics (Greek). Avid gamer by day; healthcare specialist by night. Nobody mentions the 700 Thespians at Thermopylae.,"Charter Hill, Night City","@manielse Good thing it's on PS5 and Xbox, or else they would lose quite a few viewers. I know it isn't on Firestick or Google's icky version of that. Not sure why they opted out of the Prime Video hosting deal, which would have made Peacock available through Prime on all platforms.",2021-02-02 19:33:02+00:00,,0,1,0,0
208310072,dmo614,133,467,i adult. I party. I get hungover. i netflix and eat ice cream..I sleep. I repeat.   all the while searching for my aubrey plaza. #LiverpoolFC,"C-bus, OH","Today excited to login to peacock App and watch #LiverpoolFC v Brighton. Try to login on my LG TV peacock not offered. Download the app on my XBox One, login, only to realize it is on NBC Sports...(ughhh).. For me to watch it would involve another subscription after a waste....",2021-02-03 21:41:29+00:00,,0,1,0,0
1125173324550684677,SuperJRJ,664,14168,"random person with Numbers
Twitter Vigilante 
I input data at @pwmusings",RÃ³isÃ­n Dubh,"@dustbusta There was at one stage. Now there seem to be slightly different versions depending on which platform you are using.
Firestick version is different to Xbox version and both are different to the web browser version.
Once they move to Peacock you will lose the rewind function. lol.",2021-02-08 15:18:41+00:00,,0,1,0,0
1247582226457427971,PeacockTVCare,4200,30956,â€œTweet Tweet Tweetâ€ goes the Peacock flock. Weâ€™re ready to help all of our @peacockTV members. The team is available 9am-1am ET every day.,,"@_wavvvvves Thanks for reaching out. We'd be happy to help you. Please DM us with the email on your account so we can look into it. In the meantime, can you try uninstalling and reinstalling the Peacock app on your Xbox. Feel free to DM us with any further questions or feedback.",2021-02-08 04:58:49+00:00,,0,0,0,0
240044162,thall767,929,28362,Dumbest Person on the Internet,"Indiana, USA",@rotoxmoto Youâ€™re telling me. If I watch on my Xbox with the peacock app I get a terrible static across the screen every 10-15 seconds. I tweeted them the first race they said to DM them a few things which I did. I still havenâ€™t heard back.,2021-02-09 21:45:05+00:00,,0,0,1,0
122226351,BradWardFight,4120,449046,| Bungie Name : #BradWardFight#9495 | .....: XBL / PSN = BradWardFight |,"Calgary, Alberta","Got Peacock app on Xbox, region blocked in Canada",2021-02-09 07:03:56+00:00,,0,1,0,0
16197935,Galaxy_Sailor,1585,38357,"I love telling stories in motion, color & light. Director/producer/fly fisher.
He/Him",Anarchist Jurisdiction PDX,@GwynLaRee I have the SyFy Channel app on my Xbox and it shows the episodes for free. If you have any service that is NBC you should have SyFy with it. Peacock is their current stream label I believe.,2021-02-11 15:42:38+00:00,,0,0,1,0
701926919940521984,ItsBenGolden,235,2554,"Former @CDPROJEKTRED Senior Moderator
TTRPG Game Master & Writer
MadQueenShow Collaborator
Tweets in Spanish & English
Banner by @ArnauRoch
He/Him",Spain,"@RGGStudio @Xbox #YakuzaXboxContest 

I'd add a peacock fanner, with their unique skill of creating a tornado of angry peacocks that would attack anyone on sight.",2021-02-12 17:47:47+00:00,,0,0,0,0
897046653722648576,AstrozDB,392,5150,Washed and Retired // 2x Lan // 1x UKIN2 // Stream at https://t.co/rogmBoE32n (Twitch Affiliate) // Youtube,,Had Peacock on Xbox and I miss my skins still https://t.co/d0Pbavht43,2021-02-12 07:43:11+00:00,,0,0,1,0
43431177,BenjaminJDawson,1338,72253,"Big, dumb animal who may or may not be an accountant. I hide behind the name WhiteSpeedReciever despite moving like a Right Tackle. Banned in French-Indochina","St. Paul, MN","@CGDurant @DCTrojan I'm in the exact same boat, and I hate it. Why the hell do I need an extra device to watch my team on Peacock Premium when it's sitting on top of an Xbox that has access to Peacock?",2021-02-16 18:59:02+00:00,,0,1,2,0
824693783157735424,savageshawna37,87,8628,(BRIN: 05-03-19) ğŸ’œğŸ¥° RIP BABY LANDON ğŸ‘¼ğŸ»ğŸ¤±ğŸ»âœï¸,"Virginia, USA","@nursieasho @Kaci_Breanne Peacock! Itâ€™s an app, free cable I donâ€™t have cable either. I downloaded it on my phone and Xbox thatâ€™s how Iâ€™m watching it",2021-02-18 20:24:06+00:00,,0,0,1,0
16549800,NormanGroves,195,12068,"Postdoctoral fellow at Ohio State, specializing in Plant Cell Biology. I tweet too much about soccer, politics and The West Wing. Views are my own. He/him/his.","Columbus, OH","@lavatwin @peacock Peacock is also broken/buggy on Xbox as well, FWIW.",2021-02-19 04:26:27+00:00,,0,1,1,0
365514368,bigal1863,506,7162,"Born in the ğŸ‡ºğŸ‡¸ parents from ğŸ‡¨ğŸ‡´ğŸ‡¸ğŸ‡» â€œThats the beauty of sport. Sometimes you laugh, sometimes you cry! -Pep-",Northern VA,@Don_K_Williams Do you have a ps4 or Xbox? I downloaded peacock on my ps4 and stream through that to watch on big tv.,2021-02-21 16:34:01+00:00,{'place_id': '66cd2cdb819f4414'},0,1,1,0
371605822,RajGiri_303,14638,44427,https://t.co/MNj7aXDfos owner.,,"For those asking how to watch Peacock, here's a list of supported devices, including Roku, Apple TV, Android TV, Xbox One, PS4 &amp; Chromecast. It's not available on Amazon Fire TV &amp; Samsung Smart TVs, but you can watch it on their website. @WrestlingINC https://t.co/85hIolIlnM https://t.co/XlAM8pnonQ",2021-02-22 19:12:10+00:00,,6,4,8,2
530835203,xTheLostLegendx,146,13755,Video Gamer.Legend in the Making. Living the EHT Life. Senior Class of 2015! Cancer Survivor and Beat it Twice! (Still fighting) !,The Dreadnaught ,"Well now i have Youtube and Cable through my TV.
Can watch App related shows (Netflix,Hulu,WWE,Peacock,
Crunchyroll) through my xbox one.
And gaming on my series X on my monitor! 
Got my own mini entertainment room basically. 
Sucks that my room is really small tho ğŸ˜•",2021-02-22 05:02:56+00:00,,1,0,0,0
286456465,Bill_J_Walker,246,6376,"Husband to the wonderfully beautiful Elizabeth, Father of 8 and Proud Conservative!","Winthrop, MA",@WWENetwork Iâ€™m a subscriber and use my @Xbox to view the Network. Am I no longer gonna to be able to do that if Iâ€™m not also a Peacock Subscriber?,2021-02-22 01:47:30+00:00,,0,1,0,0
3816867267,AnitechGaming,235,65638,We are a Gaming News site bringing you content from major Gaming Companies.,"Denver, CO",Frogger Gameshow Series Coming to Peacock https://t.co/6OgaL8OTcv #Gaming #Games #VideoGames #PS4 #Xbox #Nintendo #IGN #GameInformer,2021-02-23 19:21:51+00:00,,0,0,0,0
2419752510,TheWildWun,455,74869,Be excellent to each other. And party on dudes.,,"@JezCorden Xbox Game Pass Ultimate
YouTube Premium/Music 
Netflix 
Disney Plus 
HBO Max
Amazon Prime Video 
Soon to be Peacock...maybe lol",2021-02-24 21:18:00+00:00,,0,0,1,0
1309160150637449216,itsjerkjersh,727,26564,Words @retroware @PrimaGames @SPACEdotcom @TechRaptor + more | nonbinary ğŸ³ï¸â€âš§ï¸ they/them/she/her | Leftist | Email: jnichols5677 at Gmail,(they/them),"@JezCorden Netflix (4K) 
Spotify Family
Xbox Game Pass Ultimate 
Disney+/Hulu+
Prime
AMC+ (Shudder!)
Nintendo Switch Online 
HBO Now
Peacock",2021-02-24 20:53:28+00:00,,0,0,0,0
3288967681,rare_fanatic,1525,17891,Longtime fan of @RareLtd & writer for @Rare_Gamer. One of the first 13 people to play @SeaofThieves | Former WDW RR Engineer ğŸš‚ | Tech and history enthusiast,"Oregon, USA","@JezCorden Netflix
Hulu (no commercial)
Spotify Family
YouTube premium family
Microsoft 365
Xbox Game Pass Ultimate
Disney+
HBO Max
Apple TV+
Peacock (middle tier with ads)
Amazon Prime
â€¦annnnd I bum Nintendo Switch Online off of a friend ğŸ˜…",2021-02-24 20:27:45+00:00,,0,4,2,0
18763901,calmkiller,271,19611,"IT Manager. Stock Market, Tesla, Video Games and political nonsense.  WVU and Steelers Football fan. TESLA use my referral code: https://t.co/h38OByUnTg",WV,"@JezCorden Hulu TV
Disney+
Xbox Game Pass Ultimate
Peacock",2021-02-24 20:21:24+00:00,,0,1,0,0
636658158,alonsovilla84,1245,13136,"Comp Svcs Cons I ğŸ’» â€¢ Photog ğŸ“· â€¢ Gamer ğŸ® â€¢ Huge Fan of Star Wars, Destiny, Batman & Everything AwesomeğŸ‘¾â€¢","Los Angeles, CA","Amazon Prime Video
AppleTV+
Netflix
Disney+
Discovery+
HBO Max
Peacock Premium
Apple Music
PlayStation Plus
Nintendo Switch Online
Xbox Game Pass Ultimate

Coming soon: Paramount+ https://t.co/e6H84IyUnt",2021-02-25 15:55:26+00:00,,0,0,3,0
15476174,AntMan_,293,21072,high yella fella,,"@JezCorden Hulu
Hbo max
Showtime
Fubo tv
Amazon prime 
Peacock premium 
Apple TV
Apple fitness
Xbox live ultimate
Nintendo online family 
PokÃ©mon Home
PlayStation+
Disney+
Hallmark channel ğŸ˜‚
Fortnite Crew
InShot 
Re-face
Honorable mentions to Final Fantasy 14 and Elder scrolls online ğŸ™ğŸ½",2021-02-25 03:16:15+00:00,,0,0,0,0
376452739,Jstreet76,195,17101,"Just a dude trying to live life the best way he can, love God, my Family, sports, video games Xbox1 and PS4 and That Switch... And always expect the unexpected",Chicago,"@JezCorden Netflix included with my phone 4K
Amazon prime
CBS all access 
Disney+-Hulu-espn plus 
Hbo max
Peacock included with Xfinity 
Wwe network
Xbox game pass ultimate 
Playstation plus
Sirius Radio",2021-02-25 01:38:28+00:00,,0,0,2,0
980779350114095104,Nox_Lux88,54,8507,"Huge music fan, lover of weird and obscure art/music, NIN Nerd. I curse a lot. (??, ???) also purveyor of bad jokes.","Waterford, CT","Weird, peacock works fine on my xbox but vudu is just a black screen? Iâ€™d get it if all my apps stopped working but ğŸ¤·ğŸ»â€â™‚ï¸",2021-02-26 00:35:35+00:00,,0,1,0,0
47850541,_frees0l,781,23919,"no matter where life takes me, find me with a smile â˜¼ â™ï¸ â˜½â™’ï¸ â†Ÿâ™ˆï¸","denver, co","@xghostpng i havenâ€™t since i binged before they took it off netflix. although i do have peacock, i just need to download it on my xbox.",2021-03-02 17:32:39+00:00,,0,1,0,0
122226351,BradWardFight,4121,449046,| Bungie Name : #BradWardFight#9495 | .....: XBL / PSN = BradWardFight |,"Calgary, Alberta","#WWENetwork which is a weird contraption of Flash and HTML 5 works on #Xbox #Edge 

however Peacock taking over soon so only relevant to user outside USA.",2021-03-06 08:09:43+00:00,,1,0,1,0
1308826220356722689,JesusByProxy,299,21999,"co-host of No Preferred Nomenclature Podcast;Atheist, Navy Vet; IYAOYAS & single dad raising 2 kids; darthmavious on Twitch.","Santee, CA",So I download Peacock on the Xbox app place Iâ€™m assuming. I hope itâ€™s a new interface. I honestly havenâ€™t looked up much on it. https://t.co/vnrwmRorGR,2021-03-08 23:24:40+00:00,,0,0,0,0
127719405,TheMattBarnes,243,3428,I make movies and stuff. UPDATED 2/25/16: Prone to extreme fits of narcissism.,"Abington, PA",@HorrorMovieBBQ @peacockTV Sadly the only way I can access it is through my xbox. I already had peacock for soccerr but its not on enough devices,2021-03-08 21:05:02+00:00,,0,0,0,0
41126411,Msmart44,1131,2816,"Soccer @ChelseaFC, @SoundersFC, travel, film. work @google.","San Francisco, CA",@PeacockTVCare I'm wondering why they aren't live? As an xbox user the peacock app would be my main way of watching. Can you submit my feedback/problem as it's for sure affecting others,2021-03-08 18:21:41+00:00,,0,0,0,0
47209839,BMDinTDOT,4121,33193,"Day 1 Raptors Fan, Was at the SkyDome when Joe Carter hit the famous World Series winning home run, The Leafs have Auston Matthews now, Hulk Hogan is the GOAT",Toronto,@randyandsavage @ryansatin @peacockTV Yeah I'm using the exact same setup and also fear we're screwed. I gotta find a way to get my Xbox under American settings so I can download the Peacock App which is more tricky then it sounds. Or I need to learn how to use a VPN on the Internet Explorer app on Xbox if possible.,2021-03-10 03:29:26+00:00,,0,0,0,0
1247582226457427971,PeacockTVCare,4203,30956,â€œTweet Tweet Tweetâ€ goes the Peacock flock. Weâ€™re ready to help all of our @peacockTV members. The team is available 9am-1am ET every day.,,@TheGameLFA Hi There!  Thanks for reaching out!  We'd love to help and look into this further for you. Please send us a direct message with your email address as well as the Xbox device model you are accessing Peacock on or connect with a live agent here: (https://t.co/c88Vk0DAlL),2021-03-11 22:04:09+00:00,,0,0,0,0
154952124,TheHomieMiggs,1750,90607,Craft Beer Connoisseur. Sports Memorabilia Fanatic. Engineering. College Graduate. ğŸ‡²ğŸ‡½. ğŸ‡ºğŸ‡¸. All tweets are my own.,"San Antonio, TX","Show me your rarest skin and charm!

PC:
Skin: Fire Beta Skin
Charm: Gold Legion Lenovo Premium Charm 1/200

Xbox: 
Skins: Peacock, OG PL Skins, Y1 Event Skins
Charms: Y1 Ranked Charms, Esports Charms, Special Event Charms https://t.co/5LgEVIfBU3 https://t.co/m8SkRlGc94",2021-03-11 15:57:43+00:00,,0,1,6,0
1239240981070991361,mthompsonart08,0,5,,,@Xbox Anyone else having zero luck streaming Disney+ or Peacock on Xbox??,2021-03-11 04:08:52+00:00,,0,0,0,0
48523561,shafqathuq,456,11177,ğŸ‡ºğŸ‡¸ğŸ‡§ğŸ‡© Founder @FestFriends_App || Sports âš½ï¸ Dogs ğŸ¶ Music Festivals ğŸ¡ Tech ğŸ¤“ Finance ğŸ’°,"Los Angeles, CA","@peacockTV Man City-Fulham was scheduled to be broadcasted on Peacock, but it's not showing up on the Xbox app. Why?",2021-03-13 20:40:44+00:00,,0,1,0,0
1245898468704452608,jinx3d_,110,12520,17. proud ghostface/trickster/jill/laurie main. midnight club for life. scream 3 fucking sucks.,in your mom,"@keepitrealgame1 @CMW_Gaming @nathanwinslow @NextGenPlayer Thats cause Peacock is a half free service that had to pay to have all the movies and tv shows on it. 90% of game pass is owned by Xbox,so they dont lose much when it comes to selling it for $1. Especially when you need to spend at least $300 on a console to even use GP",2021-03-14 15:43:23+00:00,,0,3,0,0
743861044322394112,ronwil96,49,4293,"You only live life once....eat cookies....
Snapchat: rw9678
IG: ronnail96","Chicago, IL","I literally would need to buy a new TV, Playstation 4/5 or one of the last two XBox systems, or get a roku device if I want to watch the Peacock Network (which is not a channel, it is a STREAMING service) and any WWE PPV or new content on the WWE Network. SMH",2021-03-17 21:29:35+00:00,,0,3,0,0
1232161832560930817,DDS618_,698,14477,"@FacebookGaming Partner | @GPN_gg Streamer | Grambling alum | | Married to @rhemarkable | #BLM

Business: dds618gaming@gmail
https://t.co/e9K656omWI","Dallas, Texas",Decided to get some help on why my Peacock TV wasn't working on my Xbox Series X. Here's how that's going ... https://t.co/ZfmjdBOSjj,2021-03-19 16:52:42+00:00,,0,0,1,0
48225522,hbkid718,855,110887,,"Howard Beach, NY","I just signed up for @peacockTV &amp;I have a work around with my issue that Peacock wasn't available on my TV downstairs. It is available on @Xbox, so all I have to do is unplug my X-BOX in my room and bring it downstairs and hook it up there. So, that's how I can watch @WWENetwork.",2021-03-19 16:44:38+00:00,,0,1,0,0
4913726319,TimFlaherty823,2067,42395,15 months sure was a struggle for me. #BeckyIsBack,"North Wales, PA","Uninstalling the WWE Network app on my Xbox was a tough experience.

Hello Peacock TV, I didn't want you but I am being forced to have you. So you better treat me nicely.",2021-03-19 12:31:58+00:00,,0,0,3,0
750230738801455104,True_Kryptonian,3996,9368,"he/him
Irish Pride, God-fearing Father, Leader, Writer, Gamer, YouTuber, Retired Army, Retired 75th Ranger, Mixed Martial Artist, Grandmaster","Boston, MA","Disney+, HBOMax, Netflix, Hulu, Peacock, Shudder, PlayStation Plus, Xbox Live, Spotify, Prime all decide to take their payments out at once....

Me: https://t.co/vHhABB0Tq0",2021-03-20 23:59:12+00:00,,0,1,1,0
154985688,DraconicVerses,1503,64778,"There are those who call me... Jim?
He/Him
ğŸ’œAceğŸ’œ
Artist
Bard
DM of @DnDSrpriseParty
Cat-Dad
Mets Fan
â™¿Chronic Pain Suffererâ™¿
May actually BE a DragonğŸ²","Long Island, NY","Looks like we'll be getting Peacock now.
WWE Network is ending &amp; moving everything EXCLUSIVELY to Peacock.
My brother watches everything on WWE, but at least I can watch Universal Classic Monster movies whenever I want, w/o popping in discs &amp; putting wear &amp; tear on my XBox.",2021-03-20 17:49:52+00:00,,0,1,4,0
617723185,rats__baby,1011,53886,I'm thor / she/they /mambo # 5th place in Skullgirls at Combo Breaker 2019/ bad content maker /Painwheel Master,"gamestop dumptser, seattle  ","@dapurplesharpie PW was the first character i learned on stick actually, made the swap from xbox pad and peacock to her like 2 months into vanilla",2021-03-20 00:25:04+00:00,,0,0,1,0
1258041776805470208,itsyaboiETA,17,666,hi I make music and stream occasionally | 19 he/him,,"the @WWENetwork merger with @peacockTV is stupid. a big feature Network had was being able to watch things like #WWEFastlane from the beginning even while it's live, not to mention the horrid app design of Peacock's Xbox One app making it near impossible to get anywhere.",2021-03-21 23:58:57+00:00,,0,1,1,0
19798167,JimothyRoques,42,4457,Co-Host of The Gloves Are Off sports podcast,,"@RajGiri_303 weirdly enough watching on my computer on peacock is about 2 mins behind but watching on peacock on my xbox seems to be live, it's for sure ahead of the computer stream",2021-03-21 23:26:58+00:00,,0,0,0,0
3308348165,TheEnduringIcon,13513,56703,"The vision never changes.

Owner of @BurialSquad

@EnduringIcon is my back-up acc

@Sweetcheeks_Yvi is my yard",Paradise,"Yep, I'm in a watch party on Xbox with a few people, one of which is using the Network, and his feed is noticeably ahead of ours on Peacock https://t.co/eMyFY8OdE8",2021-03-21 23:24:32+00:00,,0,1,4,0
3303998521,MissMANIA30,1481,52843,big fan ofğŸ’„ @LaceyEvansWWE & @FrankyMonetWWE ğŸ’œ(apart of @girlstreamers)(backup @missmania36),"Arkansas, USA",@MGoose37 oof ğŸ˜£ first night on Peacock with issues already. what kind of device are you signed in on? im on xbox.,2021-03-21 23:18:35+00:00,,0,1,1,0
2941255887,collazo_nick,1592,6192,My name is nick Iâ€™m a true wwe fan I love to play video games I like to watch the wwe and I love my family my cousins my step sisters my friends,,Iâ€™m watching the (2021) wwe fastlane ppv on peacock on my Xbox one s,2021-03-21 23:02:25+00:00,,1,0,2,0
1149420313677094913,OldSchoolChap,77,3145,,,@_denisesalcedo My peacock was workin fine on Xbox. Then realized thereâ€™s no pause or rewind option and I guess itâ€™s behind lol. So back to wwe network it is,2021-03-21 22:42:55+00:00,,0,1,1,0
1292329077236469760,TMShow2019,87,2861,"Host, creator of the Trademark Show since June 2019.","Pittsburgh, PA","Streaming Peacock on my Xbox and so far, so good. No real issues to note. Hopefully it keeps up. #WWEFastlane",2021-03-21 22:19:54+00:00,,0,0,0,0
316519249,randyfisher84,50,4481,"Ohio Boy! Follow all Ohio sports teams. AEW Mark! Love the outdoors, working out, and airsoft. US Army.",,#WWEFastlane is there a pause button using Xbox for Peacock or have I just not found it properly?,2021-03-21 22:07:48+00:00,,0,0,0,0
1354106345746812928,GenAmeliaHarper,96,9054,"Vivi Harper
Fictional Character",,Its also on the #WWENetwork. You can watch live on Peacock. Or on the WWE Network: Web | Apple TV | Roku | Amazon Fire | PlayStation | Xbox | iOS | Android. @moneymella,2021-03-21 21:40:44+00:00,,0,0,1,0
1199761594642812937,drewborghini,16,599,White Fang Clan ğŸº,,"I got a P5, Xbox Series X, 2k &amp; Madden 21, Netflix Disney+ Hulu (NoAds) Hbo max, Peacock, fios on demand and a Air fryer ğŸ¤¦ you really cant tell me nothing",2021-03-21 21:15:21+00:00,,0,0,0,0
125465481,MzAmyMonks,2329,152382,ğŸ¥TV and Movie GeekğŸ®@callofduty gamerğŸ¾Animal LoverğŸˆâ€â¬›Cat Momâ˜•ï¸@starbucks fanaticâš¾ï¸@yankees FanğŸ‘¸ğŸ»Music Queen ğŸ“¸@BrucePaynePicsğŸ®PS: ScarletWhiskey,Themyscira ,@jessithebuckeye You have a PlayStation or an XBox? You can download the Peacock app on there.,2021-03-21 20:15:21+00:00,{'place_id': '16e6e8871cb3aabf'},0,1,1,0
1602145206,Phantom_Maggot,203,8147,"Father. High school teacher. Lover of video games, reading, punk rock, SF Giants, Arsenal, Oakland Roots, GSW, ğŸ‡­ğŸ‡·, ğŸ‡²ğŸ‡½, and the Sharks. BLM. He/Him",,"@TrotterTheDave Since the pandemic Iâ€™ve been watching games at home. I peacock through my Xbox and have NBC. 

As the world starts to heal, I may if the Athletic Club in Oakland is opening for games. I used to watch matches there with a crew before the world fell apart.",2021-03-21 15:02:20+00:00,,0,1,1,0
1627131079,404TRAVIS,2002,56794,"24 | It's worth it, it's wrestling | Being BLACKğŸ–¤ğŸ¤ | IG:_travisfinley #BlackLivesMatter @campusprotein Sales rep | Pro Wrestling Trainee @WWA4ATL",ATL (HOE),"@Serg421 Wayment, peacock on Xbox?!",2021-03-21 07:34:43+00:00,,0,1,0,0
163699898,Serg421,1933,86232,Do what makes you happy. Wrestling. Spurs. Cowboys. Longhorns. Braves. Rangers. #BeAGoodPerson *Views are my own*,"Winter Garden, FL",@FromThe404 Amazon &amp; NBC need to come to an agreement already for Peacock cause I ainâ€™t trying to have my Xbox on all day,2021-03-21 07:34:01+00:00,,0,1,0,0
130891370,WillyBeamen40,449,111585,I am more than wrestling tweets. I promise.,Some Hotel,Need the Peacock app to be on Samsung so I donâ€™t have to use my Xbox to stream,2021-03-22 22:50:01+00:00,,0,0,0,0
36405662,ThisIsCSDX,801,82361,"Comedian, Content Creator, Leftist, advocate for Suicide Prevention, Feminist.

He/Him & if you think that hurts my argument, sucks to be you.","Tampa, FL","@peacockTV I have Peacock Premium, but with ads. My issue is it took forever on Xbox One to buffer, and wouldn't play on my browser on desktop.

I did get it working on mobile, though, so for now, no need for me to bother you guys about it. Thanks, anyway.",2021-03-22 18:23:48+00:00,,0,0,0,0
44534397,ThadeaTheWitch,763,45893,"(Witch. maid.  wrestling ğŸ’™. walks.
she/her or they. trans. )
a Witchy maid's work is never doneğŸ–¤",somewhere out there ,"I wasn't a fan of Peacock , it was a lackluster 1st impression.  It felt clunky navigating the menus.  
Plus it wasn't available on Amazon fire stick.  Had to use old school xbox one. 
Rome wasn't built in a day .. here's hoping for improvements @bullyray5150 @davidlagreca1",2021-03-22 13:48:55+00:00,,0,0,2,0
63879623,phxeffect24,14,297,,,@WWENetwork I know that wwe network is moving to the peacock app but can you guys please keep the WWE Network app on Xbox? Itâ€™s much easier to navigate through #WWE #WWEFastlane,2021-03-22 05:52:27+00:00,,0,0,0,0
56478166,JELSMommy3,230,14076,"Mom of JELS, trying to be a Healthy Mom for the Kid. #Blogger #GeekyMom #RunningMom #NYCMom",Catch me if you can...,@sum1bettathanu2 My iPad  would play the Network and I was too lazy to get up for my xbox controller  so I used the Peacock Network,2021-03-22 01:53:11+00:00,,0,2,0,0
85096233,Swift_Smith,292,6476,Making things that I love to make and interacting with people I would love to hang with. No Rest For The Swift.,Doing what I want when I want.,"@WWE Playing the show off the Xbox, the Peacock app is showing this weird red tint in the picture. The quality of picture is terrible.",2021-03-22 01:10:19+00:00,,0,0,1,0
312405029,nhlfan12345,21,6891,,,@RajGiri_303 On the WWE network as peacock still is not on firestick and I didn't feel like firing up the xbox.,2021-03-22 00:45:34+00:00,,0,0,1,0
1233000692,The_Birdogg,67,670,"The Twitter of the one and only Mr. 269 Richard from the PWPop chat rooms, and host of my own show, Birdogg Live.","Marshall, MI",@WWE What about the fact that the #PeacockApp isn't available on my Fire TV and I have to use my XBox One to watch Peacock?,2021-03-22 00:23:08+00:00,,0,0,0,0
1334288309439385607,MailoBoy,4,269,,,"@XcloudTimdog Oh wait I think I found the rest of that â€œPlease do not subscribe to Xbox GamePass, Netflix, Amazon Prime, Disney+, HBO Max, Paramount+, YouTube, Apple TV+, Hulu, Peacock, Discovery+, Showtime, Starz, Spotify, Pandoraâ€ wait what about PlayStation Now? idiots ğŸ¤¦ğŸ»â€â™‚ï¸",2021-03-23 08:23:44+00:00,,0,0,0,0
332632394,NotDrDeath,1530,86740,A pal among pals. Just a guy. People frequently yell at me on this app.,Kentucky ,Cant wait til Peacock acquires Xbox https://t.co/8uWbR9PKgV,2021-03-23 07:40:30+00:00,,0,0,2,0
1262922681734901761,ImJustTheGuy779,4,187,I love the John Wick movies also really like the Marvel movies too:,,@KungTroll @IGN Peacock TV&gt; XboxğŸ‘€ğŸ‘€ğŸ‘€,2021-03-23 04:41:09+00:00,,0,0,0,0
997461152207720450,OneHitSword,17,3282,"Everything Toku, Anime and other Topic's",United States,"@BluDYT @SlayerOfDaves @Hunter4J @GameRant U mean like how Netflix, Hulu and Disney plus, HBO Max, peacock, Apple TV all pay fee to PlayStation and Xbox",2021-03-23 03:25:30+00:00,,0,1,0,0
20291171,InnocentSinful,1195,101704,"Hi there! Adriel. 37/Male Anime, Wrestling & Gaming. Xbox & PSN: InnocentSinful Nintendo Switch: SW-4757-3007-3216 IG: innocentsinful","Margate, FL",The #WWENetwork Peacock era has begun. (Xbox Series S). https://t.co/LlCkCkH4Yk,2021-03-24 22:07:22+00:00,,0,1,0,0
1272227028855635970,TFfanboyYT,17,2354,"Titanfall 2 really takes skill, SFM Poster User, Online sometimes. HAPPY HALLOWEEN ğŸƒ ğŸ‡ºğŸ‡¸",,@greasyniga @ID_Xbox @Xbox Itâ€™s like saying â€œNBC Peacock is better then Netflixâ€,2021-03-24 20:06:11+00:00,,0,1,2,0
2419752510,TheWildWun,455,74869,Be excellent to each other. And party on dudes.,,"@Colteastwood I welcome our all digital overlords. 
Xbox Game Pass Ultimate for games

YouTube Music for music

Movies and TV is 
Netflix 
Disney Plus 
HBO Max
Amazon Prime Video 
Paramount Plus and
Peacock",2021-03-24 16:33:26+00:00,,0,1,1,0
22071427,wjm899517,120,1098,,,"@peacockTV Xbox One app is coming up â€œwell, that didnâ€™t go to plan...PEACOCK TV isnâ€™t loading.  Please try again in a bitâ€.  Is this an issue all round or just me?",2021-03-25 21:56:55+00:00,,0,1,0,0
1247582226457427971,PeacockTVCare,4200,30956,â€œTweet Tweet Tweetâ€ goes the Peacock flock. Weâ€™re ready to help all of our @peacockTV members. The team is available 9am-1am ET every day.,,@InnocentSinful Hi Adriel! Thanks for reaching out! Please send us a DM with the email address on your account and a brief description of any issue you have experienced streaming Peacock from your Xbox One S. We'll be happy to look into this matter.,2021-03-25 21:41:47+00:00,,0,0,1,0
822340940358647809,DraconicPhoenix,0,1253,Level 40 // Parent // Not here for fake friends,,"@maddog632 @freejordyn @WWENetwork @peacockTV My timing sucked, because I had JUST fixed my xbox the night before I got the Sorry You Suck email telling me about Peacock. 

I'll wait for the network to come back, or I'll just go back to collecting the DVDs. I kind of miss those, honestly...",2021-03-25 00:20:39+00:00,,0,2,0,0
1247582226457427971,PeacockTVCare,4200,30956,â€œTweet Tweet Tweetâ€ goes the Peacock flock. Weâ€™re ready to help all of our @peacockTV members. The team is available 9am-1am ET every day.,,@EthanMills73 Hi Ethan!  Thanks for reaching out!  We'd love to help and look into this further for you. Please send us a direct message with your email address as well as the Xbox device model you are accessing Peacock on or connect with a live agent here: (https://t.co/c88Vk0DAlL).,2021-03-26 16:41:01+00:00,,0,0,0,0
595983144,dumpsterm0nkey6,363,40296,"G1, Wrestling fan, poker player, METAL!",Fenton,"So I finally got forced to get Peacock, am I wrong, or compared to other streaming services navigating the menus (at least on Xbox) is Peacocks menus just shitty?",2021-03-28 20:29:41+00:00,,0,0,0,0
22112665,ZachTakes,636,118021,"Father, Husband, Devoted Family Man, Pro Wrestling Fan. Avid Sports fan. Cubs, Chiefs, Blackhawks, Hawkeyes. Co-Owner/founder for @ShotgunRadio1 since 2010.","Cedar Rapids,IA",@metalmouthnerd @peacockTV I just use it on my Xbox for now. But just odd that new services like Discovery + and Paramount can get there apps on it but not Peacock lol.,2021-03-28 15:54:54+00:00,,0,0,0,0
14080077,tracyramone,1398,50601,"ğŸ¹âš”ï¸ğŸ›¡ï¸ğŸ³ï¸â€ğŸŒˆ ğŸŒˆ     
#Pansexual #BLM #Hufflepuff ğŸ’›ğŸ–¤
People suck. Don't be people.
tracyramone@gmail.com","Suburbs of Brotherly Love, PA",Y'all important update! It's 10pm and I didn't go to sleep yet! Catching up on WWE things on Peacock and playing games on! Switch while the husband plays games on the Xbox. I like old nerdy married couple Saturday nights too.,2021-03-28 02:21:49+00:00,,0,0,9,0
1360885889136619520,DogecoinTweet,8923,9228,Æ‰OGE ALL DAY EVERYDAY. ğŸš€âœ¨(Not A Financial Advisor.) ğŸ“ˆ HODL.ğŸ’ #DoOnlyGoodEveryday #Doge #Dogecoin ğŸ• Æ‰oge Tips: DRfosUmMRzFzgJcj1XJjJjFnJAdwfRFp4h,To The Moon And Beyond. ğŸŒ•ğŸ’«ğŸª,@abovewallstreet @BeefSupreme1776 @leastImAlive @AMBASSADORTOUSA @NatrlStNative @doge_mom @D0jojo @GloryDoge @DogeGrab @OGE78197986 @JennyCo12172638 @DOGELOREAN @bholman24930782 @WeTheDoge1 @Xbox @XboxGamePass @uzohak @coolhandlucy22 @BarronThee @Chuy338 @russellhantz @MrRussellDavis @thealexvanness @CoraCarmack @jirehlim @Vertagear @HiRezTheRapper @StefanParsons98 @springrates @TeamBJMcLeod @Josh_Wise @PPR98 @MrAnthonyRogers @benekcj @JoshuaFrazier69 @slashdot @genesimmons @WooterApparel @vvooter @cov_care @1funnymike @AmyLee_thirty3 @edithbrou @JeffFermin @jonnajarian @elonmusk @mcuban @dallasmavs @chasinstacks247 #dogeparty peacock meet.. https://t.co/MKI61TSBdE,2021-03-30 04:30:25+00:00,,1,0,4,0
51596151,Tommy29gun,505,49526,"Sports fan, especially for my kids. Range Safety/CPR Instructor NASCAR, Raiders, LA Kings, Fresno St, Texas A&M, BC Renegades, Dodgers. Kayaker. Isaiah 40:31",United States Of America ,@WWENetwork @peacockTV If only we could all watching it without having to buy a chromecast-Xbox or a LG tv to watch it.  Maybe make sure Amazon and Samsung can add your crappy Peacock app first.  ğŸ¤·â€â™‚ï¸,2021-04-02 21:02:54+00:00,,0,0,1,0
1305377773238788096,JakeBro71829487,0,80,,,"@PowerplaceGym @WWE @peacockTV So you donâ€™t have a Fire Stick, an iPhone or android phone. Laptop, Xbox, play station, or anything. Because all those platforms you can get peacock on.",2021-04-02 19:15:23+00:00,,0,1,0,0
3411257602,Vcollstorm,431,12032,"Alien sent to observe humans in sterile enviroments under the guise of videogames to better understand their FUTURE USE ğŸ‘½ 
XB1 4LYFE","Out of our mind, Online,on XB1","@WWENetwork Wanto really listen to fans?

Put WWE NETWORK APP BACK UP ON XBOX
THE 1 CONTROLLING OUR CASH FUNDS SAYS NO PEACOCK NETWORK SO THANKS, EVEN THOUGH WE PAY $9.99 a month we cant watch WM this year cause its only on peacock. That'll be the excuse for low ratings too we bet

ğŸ‘½ğŸ––",2021-04-04 23:49:31+00:00,,0,0,0,0
1206415083049562113,heelstratus,1765,17318,â€œIâ€™m King Kong bitch!â€ Womenâ€™s Wrestling & Music stan account. LGBTQIA+ safe place,Divaland ,My phone wonâ€™t let me get peacock but thankfully I can watch it on my Xbox,2021-04-04 02:57:53+00:00,,0,0,0,0
192758888,ANTwontstop,9571,54883,Phantom Rap Artist / @Whadafunk / Wrestling Theme Song Creator ğŸ› ****************************************Stream my album ğ™ğ™ğ™™ğ™ğ™£ ğ™Šğ™ªğ™© ğ™ğ™ğ™š ğ™ğ™©ğ™¤ğ™§ğ™¢! â¬‡ï¸,New York,@BCMendoza Just got peacock myself. Where do you watch it? I feel like the Network interface was easier to navigate on Xbox,2021-04-04 02:36:03+00:00,,0,1,2,0
1252028386593124355,StanWomens,271,16776,Womenâ€™s Wrestling Stan - Previous Acc: @Martin2Hype ( Suspended at 1.2K ) - 17 ( Bi ),"Queens, NY",Just downloaded peacock on my Xbox and got an account,2021-04-05 23:54:46+00:00,,0,0,0,0
34230225,Brooks_B,1191,6382,Detroit Lions and MMA,Ohio,"@TheStoweShow @TBrandon84 Says it works with a roku, Apple TV, Xbox, ps, etc. But the Peacock app itself isnâ€™t available on Samsung smart TVs to this point",2021-04-05 15:17:07+00:00,,0,0,0,0
62734970,MattAdamBenigno,394,10097,"Favorites teams & sports are the Angels, Dodgers, Lakers & Nascar. Like hanging out with family & friends & go on vacations.","La Habra, CA","Just got the Peacock app on my Xbox. So now, I can watch all of my WWE shows and PPV's. The only thing I'm bummed about it is that before I was watching old NXT episodes from 2011. Now, it is only showing me that I can only watch old episodes from 2019.",2021-04-06 02:04:57+00:00,,0,1,3,0
62734970,MattAdamBenigno,394,10097,"Favorites teams & sports are the Angels, Dodgers, Lakers & Nascar. Like hanging out with family & friends & go on vacations.","La Habra, CA","You said we could watch WWE shows on both the @WWENetwork &amp; @peacockTV, right? Well, I went to my WWE app on my Xbox &amp; I get this. Before this happened, I was watching old NXT shows from 2011-12 &amp; now I can't watch it anymore. Plus, Peacock only goes from S13 - S15. @WWENXT",2021-04-07 23:06:52+00:00,,0,2,0,0
1058937071824449536,Lymisss,32,4346,"ğŸ’œA&JğŸ’œ â¤ ğŸ–¤Engaged to a ScotsmanğŸ–¤ â¤ 8 years together. Gamer girl, anime nerd, lover of books.",Anywhere but here.,Fuck. The WWE network app no longer works on the Xbox Series X. They want me to use the stupid Peacock app. So I can't use my console anymore to watch @WWE and now have to use a VPN on my computer. This is the worst business deal WWE has ever done. WrestleMania is going to suck.,2021-04-07 15:23:48+00:00,,0,0,0,0
2941255887,collazo_nick,1592,6192,My name is nick Iâ€™m a true wwe fan I love to play video games I like to watch the wwe and I love my family my cousins my step sisters my friends,,Iâ€™m watching the (2021) WWE Hall Of Fame induction ceremony on peacock on my Xbox one s,2021-04-07 01:36:25+00:00,,0,0,1,0
2941255887,collazo_nick,1592,6192,My name is nick Iâ€™m a true wwe fan I love to play video games I like to watch the wwe and I love my family my cousins my step sisters my friends,,Iâ€™m watching the (2020) wwe hall of fame induction ceremony on peacock on my Xbox one s,2021-04-07 00:13:13+00:00,,0,0,0,0
2771658207,ShadowRaptorYT,117,4383,Raptor Dad. Voice Actor. Twitch Streamer. A Big Meme. Joyconboy. Future Pro Wrestler. VRChat Nerd. LOUD AS FUCK! Makes people smile for a living...ğŸ¦–,"Covington, VA","I'm watching @WWE #NXTTakeOver  on peacock abd holy hell there's a 2 minute delay on pc, xbox, ps4, and roku... In order to stay up to stream is to watch it on your phone... smh...",2021-04-08 01:32:48+00:00,,0,1,3,0
4803655632,notlauralee,491,12611,wrestling fan. fansite owner. i adore dogs and have a fascination with coffee. 21+.,"Middle of Nowhere, USA",Love that peacock ainâ€™t working on my Xbox ğŸ’ğŸ’ğŸ’ğŸ’ @peacockTV @PeacockTVCare #NXTTakeOver,2021-04-08 00:19:45+00:00,,0,0,0,0
192758888,ANTwontstop,9571,54883,Phantom Rap Artist / @Whadafunk / Wrestling Theme Song Creator ğŸ› ****************************************Stream my album ğ™ğ™ğ™™ğ™ğ™£ ğ™Šğ™ªğ™© ğ™ğ™ğ™š ğ™ğ™©ğ™¤ğ™§ğ™¢! â¬‡ï¸,New York,@longhornjules @view_raw @HeelWillMahoney Do you have an Xbox or Playstation? I have the Peacock app on my consoles.,2021-04-09 14:27:39+00:00,,0,1,0,0
125162693,PauleHeyman,482,101031,#FalschrSchwob est.6/12/10 jp Vaginatarian - Gewichtsklasse: Mittelgewicht.....Lebensmittelgewicht. Links-GrÃ¼n-Versifft https://t.co/48W2x13Cmb,Mitten aus dem Schwanzwald,"@shirai_io @peacockTV @WWENetwork with WWE content on peacock, there is also a ""sizzle-sound"". Every other peacock-content is clear. on the WWEnetwork it was the same :/   .....anybody else notices that or has a solution? i used ATV and XBOX with same results.",2021-04-09 07:59:47+00:00,,0,0,0,0
140194681,Leighanncosplay,1238,26113,"ğŸ–¤Uncommon character Cosplayer
ğŸ–¤YouTube Gaming
ğŸ–¤28 Yr Old waifu
ğŸ–¤checkout my links!â¬â¬â¬â¬",,@givenchyglow It's an app that's on your phone or use your Playstation or Xbox. They do free trials of 7 days. Just type Peacock in the appstore of one of those devices and it will pull up,2021-04-09 05:04:39+00:00,,0,0,2,0
2755866670,nandodpx,161,13265,"@Cubs @RedSox @Celtics @Patriots fan! Father of 2. I consider myself a colaborator. Originally from Ponce, PR but now live by Boston. Sports, beach, movies.","Norwood, MA",@DKeeg @jessithebuckeye Howâ€™s your bandwidth? Iâ€™ve had 0 problems. Most connection issues are ISP problems and bad routing. Iâ€™ve had 0 problems with Peacock in my xbox series x.,2021-04-09 01:59:18+00:00,{'place_id': 'b7d826f55dca45e9'},0,0,0,0
2755866670,nandodpx,161,13265,"@Cubs @RedSox @Celtics @Patriots fan! Father of 2. I consider myself a colaborator. Originally from Ponce, PR but now live by Boston. Sports, beach, movies.","Norwood, MA",@jessithebuckeye Clearly you donâ€™t know how The Internet works... thereâ€™s no prob in my FIOS connected XBox - Peacock app,2021-04-09 01:46:55+00:00,,0,1,1,0
849061737122934784,amazing_j2698,3589,86506,I'm bi nice and not for the bs. WWE fan for life follow @_wrestlingisfun for all wrestling related stuff #thankyoutaker,"South Carolina, USA",I got #peacock app on my Xbox but y I can't find it on the firestick,2021-04-09 01:43:27+00:00,,0,1,2,0
1231821860,TheRCWRShow,2558,47429,Fmr Market Analyst. Podcaster/Voice Actor covering Entertainment since 2011. @Fitetv & @411mania Contributor & Columnistâ¡https://t.co/L8DrsDNKt2 |ğŸ“£https://t.co/GnoRhByWKY,"Washington, D.C",@wrestlingsoup surprisingly there is a 90 second delay for #peacock app via Xbox. Backed out a couple times and it remains the same. Android meanwhile is in real-time as is ios.,2021-04-09 01:19:56+00:00,,0,0,1,0
1016480427991805952,DDTDivas,1345,17685,"From the minds of a Black woman & friends who love pro-wrestling. DDT Divas features a variety of wrestling-related content, focused on the African diaspora.","Washington, DC",Had to download The Peacock app on my Xbox. We here! #WrestleMania https://t.co/AiuGzAui00,2021-04-10 23:57:59+00:00,,0,0,3,0
36405662,ThisIsCSDX,801,82361,"Comedian, Content Creator, Leftist, advocate for Suicide Prevention, Feminist.

He/Him & if you think that hurts my argument, sucks to be you.","Tampa, FL","Is there any way to rewind back to the beginning of the #Wrestlemania preshow on Peacock? Cause it ain't playing at all on Xbox One(wow I'm not surprised) and there doesn't seem to be an option on mobile, because of course.",2021-04-10 23:52:12+00:00,,1,0,0,0
38926660,JoshCantPlay,565,13102,"Spooky Anti-Fascist, Terrifying Trading Card Enthusiast (PC: Pretty Cards, Cool Old Cards, Trout & Senzatela), Anxious Mess (but scary). Queer. He/They/Ghoul.","Newport Beach, CA",Xbox literally will not let me download the peacock app.  Thatâ€™s neat.  Technology is great.,2021-04-10 23:52:08+00:00,,0,0,1,0
462154583,WorldsDopestYT,3487,58715,,"St Louis, MO","@RM_Rodriguez Nothing is working on peacock for me, not the shows, other channels, nothing. Itâ€™s working on my Roku just not Xbox",2021-04-10 23:23:14+00:00,,0,0,1,0
462154583,WorldsDopestYT,3487,58715,,"St Louis, MO",Peacock on Xbox is literally the worst. Iâ€™m gonna have to watch Wrestlemania on my phone ğŸ™„ https://t.co/l5eImw4PP5,2021-04-10 23:16:10+00:00,,0,2,4,2
33567369,SplatterPnkMike,341,6856,he/him Blogger and lover of horror. checkout my blog for thoughts on movies and other things.,"Crossville, TN",@tonythaxton @peacockTV @PlayStation Iâ€™ve not had a problem with peacock working on my roku or Xbox.,2021-04-10 22:21:35+00:00,,0,0,0,0
43040923,RULLUR,4477,137228,"Entertainment Artist, Co-Host of @CruzIncRadio, & @TheManicTiger Co-Founder. #VigilanteOfEntertainment Married to @MistressHaydee.
 Book me at: RULLUR@Yahoo.com","NC/VA/OH/GA/NM/PA, USA","#Wrestlemania: Can't seem to find the Kickoff Show on @Peacocktv, so I went over to @WWENetwork on both @XBOX One and @Chrome, and they both greet me with a message to watch Peacock. I hope after WrestleMania I can still watch WCW Nitro &amp; everything else from 1997 on #WWENetwork!",2021-04-10 22:17:14+00:00,,1,0,2,0
1308826220356722689,JesusByProxy,299,21999,"co-host of No Preferred Nomenclature Podcast;Atheist, Navy Vet; IYAOYAS & single dad raising 2 kids; darthmavious on Twitch.","Santee, CA",#FortnitePrimal #Fortnite #FortniteSeason6 #Xbox #Peacock #WWE #WWENXT #NXTTakeOver #WrestleMania wonâ€™t show the show cause of bullshit laws. I will be watching reacting &amp; playing Fortnite or my daughter will be playing and Iâ€™ll be watching NXT till Mania https://t.co/OSXrvqqEv0,2021-04-10 22:04:34+00:00,{'place_id': '04ed8141edf1aba0'},1,0,0,0
1308826220356722689,JesusByProxy,299,21999,"co-host of No Preferred Nomenclature Podcast;Atheist, Navy Vet; IYAOYAS & single dad raising 2 kids; darthmavious on Twitch.","Santee, CA",Check out Sprinkle of Ginger https://t.co/LxgHoXmQR2 Watching #NXT #NXTTakeOver #HawaiianBBQ #dadlife #Xbox #Fortnite #Twitch #ThePath #Rise #GingerJesus #SprinkleOfGinger #FortniteSeason6 #WrestleMania later on as well. Also not liking Peacock at all so far #WWE,2021-04-10 21:46:37+00:00,,1,0,1,0
15080254,Leighzies,287,14388,spooky bitch. possibly a ghost,"Atlanta, GA",getting hype over wrestlemania this weekend and turns out peacock app bought out wwe network and isnâ€™t available on samsung tvs so i have to airplay it from my ipad or move my xbox. like wtf. streaming war bullshit is so tired,2021-04-10 21:38:13+00:00,,0,1,1,0
161936595,ashmanns,386,7928,ğŸ“¸ insta @4SH73YâœŒğŸ»ğŸŒğŸŒˆ,Here and There,@brendanc8504 Yeahhhh pretty sure you wonâ€™t be able to pause it on the Xbox and peacock isnâ€™t on the fire stick so no go on that one,2021-04-10 21:35:08+00:00,,0,1,0,0
39167634,xBatmanGoddessx,637,2937,Welcome to my Twitter. I am 27 years old and married. I am also a mother to a baby boy. Make yourself comfortable going through my feed. ğŸ‘‹ğŸ’•,,"Since I installed the Peacock app on my Xbox, Iâ€™ve been binge watching #ChicagoMed and #themunsters â¤ï¸ğŸ–¤â¤ï¸. I have not really watched much tv lately but Iâ€™m really enjoying the selection choices on this app! #peacock @peacockTV",2021-04-10 21:26:11+00:00,,0,0,3,0
710919014,cultofpernality,309,4885,,winchester va,@AvoidTIMtation I get 0 ads on my Xbox and Iâ€™ve been using peacock since before the wwe launch. I havenâ€™t tried on PlayStation which I saw youâ€™re using,2021-04-10 15:31:30+00:00,,0,1,0,0
923883316033523712,IAmFaithMarlow,227,4147,"I love wrestling, animals, and anything that is considered scary.","Shelby, NC",@jmeili26 @JustGG11 @HeymanHustle You can get Peacock on your phone through their app or if you have a PlayStation or Xbox then you can get it on there.,2021-04-10 15:21:18+00:00,,0,1,0,0
18664336,RyneMoen,240,25432,"My only friends are pirates, it's just who I am.","Colorado Springs, CO","I got tricked by Peacock. I thought someone logged in on my Xbox with their premium subscription so I could watch Wrestlemania, turns out they are replaying some of the past Wrestlemanias for free.",2021-04-10 03:37:33+00:00,,0,1,0,0
2384453270,UberTieGuy,769,71717,Pro Wrestling and horror movies are the shit. I did stand up twice and I make Tik Toks every now and then. Catch me at the Caneâ€™s drive thru,Venmo: @UberTieGuy,@smarktodeath Do you have a PlayStation or Xbox? They have peacock on them,2021-04-11 23:37:48+00:00,,0,1,2,0
1254482117469356035,DopeKontent,168,6699,"NEW PAGE! Podcaster, gamer, musician, entertainer, product seller!! AMAZON AFFILIATE And TWITCH AFFILIATE ON 2 pages!!","Texas, USA",So Iâ€™m definitely glad my Pc is on its way because anything with a capture card from my Xbox or tv is getting blocked by peacock https://t.co/VYSRSZ5sBj,2021-04-11 22:28:19+00:00,,0,0,1,0
326912366,mortymo_,314,18477,soccer & cat account | she/her,"Washington, DC",NBCâ€™s Peacock app never works for me on the Xbox ğŸ˜¤ğŸ˜¤ğŸ˜¤ maybe itâ€™s for the best I canâ€™t watch the Arsenal game?,2021-04-11 17:49:24+00:00,,0,1,0,0
3560661,BobbyBlackwolf,1221,22417,Software Developer/Twitch Affiliate/Video Game Podcaster (Live Sunday 8PM ET/5PM PT @VOGNetwork)/Former NFL Bass Drummer. Contact: biz at bobbyblackwolf dot com,Georgia,"I bash HBO Max for not having 4K video on consoles, but Peacock can't even do 5.1 audio on PS4. (It has 5.1 on Xbox but we use the PS4 in our living room for streaming)",2021-04-11 03:59:03+00:00,,0,0,0,0
1276520088858955777,Prince7Dj31,55,2797,#gamer #Comics #anime #Wrestlingfan #movies #xboxseriesx AwfulGrim Bonez . #PS4 Awfulgrimbonez #BungieName AwfulGRIM BONEZ#1587,,Using #peacock to watch #WrestleMania on my #xbox  since Amazon donâ€™t have the app,2021-04-11 02:26:35+00:00,,0,0,0,0
316463111,rachel_mccarson,490,24746,"Married to @Kelsey_McCarson, Boxing, GB Packers, SA Spurs, TX Rangers, Longhorns, books, movies",Houston,Figured out the issue... the peacock app on Xbox one is jukey. Via the laptop no problems. Except my laptop has a busted speaker. ğŸ¤·ğŸ»â€â™€ï¸ğŸ˜† #WrestleMania37,2021-04-11 02:13:05+00:00,,0,0,0,0
99168357,Camera_Raw,567,35821,"Rasslin fan, fledgling #mixologist & appreciator of fine booty & pizza worldwide ğŸŒ #Sag #Jersey Formally Fat Momoa & Grande Andrade",201 | NJ | 201,Is the #Xbox #Peacock #WrestleMania stream delayed for anybody else? Or it just my stupid ass xbox?,2021-04-11 01:40:52+00:00,,1,0,1,0
1253215566300696578,JcsCommentary,2296,28098,"Podcast & youtuber since 2005 - 60 million views 70K subsâ—
Wrestling Commentator - Comedian  Podcaster MORON
Love & Hate everyone EQUALLY ! âœŒğŸ³ï¸â€ğŸŒˆğŸ‡ºğŸ‡¸",Massachusetts ,PEACOCK is down for me on XBOX restarted nothing #peacock @peacockTV,2021-04-11 00:09:03+00:00,,1,23,16,0
36405662,ThisIsCSDX,801,82361,"Comedian, Content Creator, Leftist, advocate for Suicide Prevention, Feminist.

He/Him & if you think that hurts my argument, sucks to be you.","Tampa, FL","I see.

So, even though the Xbox One was largely made for multimedia stuff, the Xbox One version of Peacock is just not good. PS4 version is working fine.

I also think they cut out the preshow this time.

#WrestleMania",2021-04-12 18:21:09+00:00,,0,1,1,0
1354988105195991040,thekaitlynbrock,3,33,Photographer | Creator | Aspiring-Canadian ğŸ˜‚,"Florida, USA","@MannyMua733 Netflix, Disney+, Paramount+, Discovery+, Peacock, Hulu, HBO Max, Amazon Prime Video, MasterClass, Apple TV+, and Cable TV. 

If weâ€™re including non-show/movie subscriptions then I also have Adobe Creative, Xbox Live, and PlayStation Plus ğŸ˜‚ğŸ’€ğŸ¤¦ğŸ»â€â™€ï¸",2021-04-12 13:46:21+00:00,,0,0,1,0
196004578,im_simply_jess,142,2688,In order to be irreplaceable one must always be different. -Coco Chanel,"Bakersfield, CA","@MannyMua733 Netflix, Hulu, Disney+, Amazon Prime, Prime Video, Discovery+, Peacock, Funimation, Xbox Live, Apple TV, MLB, Apple Music, Apple Storage, DoorDash Dash Pass, Ipsy, Boxycharm, FabFitFun, Sirius XM, Philo, and Ring Storage. I seriously need to get rid of a few of these.ğŸ˜…",2021-04-12 05:30:37+00:00,,0,0,0,0
2755866670,nandodpx,161,13265,"@Cubs @RedSox @Celtics @Patriots fan! Father of 2. I consider myself a colaborator. Originally from Ponce, PR but now live by Boston. Sports, beach, movies.","Norwood, MA",Apple TV Stream &gt; XBox Feed (ahead in stream timeline) for #wrestlemania Peacock stream. Now I wonâ€™t get spoilers :),2021-04-12 01:06:29+00:00,{'place_id': 'b7d826f55dca45e9'},0,0,0,0
148000482,MrFloridaBoy27,1856,140391,Proud graduate of the Fort Valley State University; MPA Graduate of UWG; Jamaican; Success is coming soon ğŸ’¯ğŸ’¯,"Stockbridge, GA",@PeacockTVCare My Peacock on my Xbox is not working ğŸ˜ğŸ˜ğŸ˜,2021-04-12 00:38:42+00:00,,0,1,0,0
21046076,haskell420,459,69875,"48-NY-MedBills/Debt Help https://t.co/68WFBgfKSc, or, $EdwardHerrel/Movies/TV/NYY/NYJ/NYI/VH/Metallica  /TwistedSister/MammothWVH/StarWars MCU/WWE/AEW/Schmoedown","Npt., NY","@SWAG_MTS @EricGr81 @KristianHarloff @peacockTV IF you are watching Peacock through your phone, YES!
IF you're watching Peacock, LIVE, via your Playstation, or XBOX App you cannot Rewind, Pause, or, ""Watch From the Beginning"" like we could w/ the WWE Network.
AFTER the PPV is over, put up on REPLAY, then Rewind/Pause is shown",2021-04-13 01:33:26+00:00,,0,0,1,0
4123256849,maybegrinds,205,6350,Work full time and play cod when Iâ€™m bored at the house. Grinding for nothing at all #FIWB I stream challs/variety on https://t.co/IsB1TaYGpN,"Florida, USA",Have drew peacock on Xbox,2021-04-15 11:12:05+00:00,,0,0,0,0
524273156,jcochran06,36,266,"Aspiring chef, US Marine, and father of 3 of the most precious angels on God's green earth!","Mesa, AZ",@Amazon and @Peacock why don't you get your greedy hands together and do the do the deal so I don't have to fire up the Xbox to watch @Peacock,2021-04-27 03:03:29+00:00,,0,0,0,0
1156593681308114945,ThePeacook,32,1558,Sex: it/im | Sexuality: semibisexual | Has it ever been possible for one person not to say 'cancelled'? - Albert Einstein,The Universe,@Friendofox Xbox didn't allow Peacock so I did Peacook instead,2021-04-29 21:33:12+00:00,,0,0,1,0
49508913,OceanicSpectre,170,3950,"I write stories, complain about shit, and am personally responsible for every moment of suffering Spacegirl endured.","Ontario, Canada","@Addison_Peacock I went out of my way to buy a shooter I never got to play when I was a kid and Xboxs seething hatred for backwards compatibility betrayed me.

Gonna need to find an old Xbox -_-",2021-05-01 15:02:42+00:00,,0,0,0,0
1045008810,AJamesReed,245,5015,"MPH health systems, management, and policy from University of Colorado Anschutz Medical Campus. WI born and raised, CO living.",,"@NBCSports what is the point of having your sports app on @Xbox and owning the rights to show the @premierleague in the US yet, I canâ€™t even watch the games that are on NBCSN. I have a TV provider, I pay for peacock, I used to pay for Gold. Why canâ€™t I watch?",2021-05-02 12:25:48+00:00,,0,0,0,0
758929935104737280,GrahamB47,2293,99529,currently sitting,,Peacock has been given a user star rating a grand total of five times on the Xbox storefront.,2021-05-02 03:01:04+00:00,,0,1,18,0
49895823,levimurphy,10203,177896,A: I'm a model!,"Ann Arbor, Mich. U.S.A.","@iamCaseySimpson $99.99 - Premium Plus Ultra

https://t.co/BHyJvEWyOR

$79.99 a year - Disney+

$99.99 a year - Paramount+

$59.99 a year - Hallmark Movies Now

$99.99 a year - Peacock

$59.99 a year - Xbox Live Gold

$69.99 a year - Microsoft 365 Personal

$99.99 a year - Funimation

-----
$570 https://t.co/TFDZeymJGx",2021-05-06 14:12:48+00:00,,0,0,0,0
49895823,levimurphy,10203,177896,A: I'm a model!,"Ann Arbor, Mich. U.S.A.","@iamCaseySimpson August

$79.99 a year - Disney+

$99.99 a year - Paramount+

$59.99 a year - Hallmark Movies Now

$99.99 a year - Peacock

$59.99 a year - Xbox Live Gold

$69.99 a year - Microsoft 365 Personal

-----
$470
-----

Seems to be the thing to do for my

Layer 6: Presentation Layer

ğŸ–¥ï¸ https://t.co/2polWqGF4B",2021-05-06 13:53:19+00:00,,0,0,0,0
55932931,AurileusFC,5317,79292,#WhoDey #UTC #GoBucks #IgniteUnite #jOehio #DonSarri @OhioChelsea Pure Bred Mutt My moms and pops mixed me with Jamaican rum and whiskey,"(39.0952924, -84.5159917)",@CFCDaily @_ShuBhamCFC And my tv doesnâ€™t have the peacock app so I have to turn on my Xbox or just watch on my phone https://t.co/4ghTw59coY,2021-05-12 14:13:15+00:00,,0,0,2,0
4750535292,Vivid_Radiance,33,2164,New Youtuber and hopefully Twitch streamer soon. Gonna need to get a catchphrase...,"Virginia, USA",@Xbox None.  But I am using the Peacock app on my Xbox right now.,2021-05-15 18:50:27+00:00,,0,0,0,0
2941255887,collazo_nick,1592,6192,My name is nick Iâ€™m a true wwe fan I love to play video games I like to watch the wwe and I love my family my cousins my step sisters my friends,,Iâ€™m watching the (2021) wrestlemania backlash kickoff show on the wwe network on peacock on my Xbox One S,2021-05-16 22:38:42+00:00,,0,0,0,0
855428700,kaludiasays,8273,268848,"culture critic, opinions my own. ğŸ³ï¸â€ğŸŒˆ she/her â™¿ï¸ğŸ™ @rupalpspodrace co-host, icon by itza_zuri on tiktok",the chiss ascendancy,@thetrudz both peacock and d+ on my fire stick are abysmal. i can only use the xbox for anything,2021-05-17 04:06:35+00:00,,0,1,0,0
1247582226457427971,PeacockTVCare,4203,30956,â€œTweet Tweet Tweetâ€ goes the Peacock flock. Weâ€™re ready to help all of our @peacockTV members. The team is available 9am-1am ET every day.,,"@Lethal_Diamond4 Thanks for reaching out! Try uninstalling and reinstalling the app on your Xbox. As for Fire TV, while Peacock is not currently supported on Amazon devices, there are sideloading options. For more info, please scroll to the bottom of this link: https://t.co/XoLV75XoHx",2021-05-17 04:01:11+00:00,,0,0,0,0
784173023343550464,Lethal_Diamond4,459,3093,"The Lethal Diamond. Signed to- Mrcy Pro| Axis Wrestling|
@WTXWrestling Owner
1x Mrcy Pro World Champion",,Okay so here something that's not cool. Trying to watch Backlash on Peacock on my Xbox and it keeps fucking crashing. It started off good and I got to the Mysterio match and after that it crashes and turns my Xbox off. @peacockTV please come to Fire TV so I can enjoy the app.,2021-05-17 03:57:29+00:00,,0,1,0,0
713521917639200768,ABrokenLord,486,25063,"Gaming, Sports, Pro Wrestling.",Kamurocho,"@MarkItume @PeacockTVCare Yeah, that would be nice. I'm using Peacock on my Xbox One until it gets put on Amazon Fire TV.",2021-05-17 01:05:51+00:00,,0,0,0,0
983351532,avrgantman,166,4174,Variety Content Creator on Twitch and YouTube | Twitch Affiliate | https://t.co/nYWwtvhfE2 | Instagram ğŸ“·: @avrgantman | Discord: https://t.co/5oZ0QYpmuQ,"Jersey City, NJ",The Peacock Xbox app needs to be fixed.,2021-05-17 00:51:37+00:00,,0,0,0,0
1360241698199150595,spiduaman,88,2294,#PS123456789X fan.,Atropos,@razkaii Xbox is not netflix dude maybe its peacock or ABC news.,2021-05-18 01:47:17+00:00,,0,1,0,0
1391912435087446017,AnthonymrashBa1,90,1225,I am so happy mvk and Mikaze  how got MERRY  back 2016  and Sashabanks  is i born on the sameday as Mercedes KV January 26 and I am a Vagas Raiders & Lakers fan,,@HarleyJDC_15 @psychodadjjess2 I am wanting wcw right now on peacock on my xbox one,2021-05-23 06:27:38+00:00,,0,0,1,0
1018896208809594881,E1uisve_M4GE,766,21898,"âğŸ…±ğŸ…¾â   #WWE
   Â·ğ“—ğ“¾ğ“¼ğ“«ğ“ªğ“·ğ“­ Â·   #RnB
     ğŸ¦‹ğ¿ğ’¶ğ“‚ğ’· ğŸ¦‹    #MariahCarey 
                ğŸŒˆ #WomensWrestling",Wrestlemania,"@SenseiK1lls No i use xbox for everything. Spectrum tv, youtube, hulu, peacock, netflix, twitch etc. I have Roku but i only use them if my spouse is watching tv and i stream Xbox from my laptop or phone .",2021-05-24 15:31:23+00:00,,0,1,4,0
786597934766972928,BA_Coates,83,1822,,"Snow Hill, MD ",@walkblind @peacock @hbomax Havenâ€™t tried peacock yet but the hbomax app on Xbox is killing me. It takes us 3 hours to watch an hour long show.,2021-05-27 23:25:40+00:00,,0,1,1,0
1259520810257129473,Dirtbagbunnylol,181,7313,"17, sultan of agrabah, I want da mcburger, blackbeard fan, 15 yrs dni, lgbt allyğŸ³ï¸â€ğŸŒˆ, he/him, pfp copy of @legitimatnoodle,",The island of snipers,Netflix hulu amazon prime disney plus uplay+ hbomax tubi premium twitter blue crunchyroll premium vrv premium funimation youtube red youtube music spotify+ discord nitro ps+ xbox live gold twitch subscriptions EA access dc universe cbs access ps now xbox game pass appletv peacock,2021-06-05 02:47:17+00:00,,0,3,4,0
544831488,LOR_WILL,347,21872,Proudly serving as mayor to the greatest town in the Baltimore Metropolitan Area,"Towson, MD",@jhuck80 @Beegl_s Woah! Peacock was not offered on the shit TV you got in the family room. I had no problem getting it in my Xbox pops,2021-06-06 00:22:44+00:00,,0,1,0,0
1139584804566048768,xCryptoProspect,45,5322,,,@The_CrapGamer This guy is like that peacock on rooftops on farms. Turns depending of where wind blow. Same with Phil. He will change his stance depending on what is currently Xbox doing and expects everyone to follow,2021-06-10 15:57:02+00:00,,0,0,3,0
3816867267,AnitechGaming,236,65638,We are a Gaming News site bringing you content from major Gaming Companies.,"Denver, CO",Peacock Adds Free RetroCrush Streaming Anime Channel https://t.co/3NmKEONedT #Gaming #Games #VideoGames #PS4 #Xbox #Nintendo #IGN #GameInformer,2021-06-11 22:06:37+00:00,,0,0,0,0
3816867267,AnitechGaming,236,65638,We are a Gaming News site bringing you content from major Gaming Companies.,"Denver, CO",Peacock Adds Free RetroCrush Streaming Anime Channel https://t.co/E01YBxl75H #Gaming #Games #VideoGames #PS4 #Xbox #Nintendo #IGN #GameInformer,2021-06-11 22:06:36+00:00,,0,0,0,0
2941255887,collazo_nick,1592,6192,My name is nick Iâ€™m a true wwe fan I love to play video games I like to watch the wwe and I love my family my cousins my step sisters my friends,,Iâ€™m watching the (2021) nxt takeover in your house pre show on peacock on my Xbox one s,2021-06-13 23:40:44+00:00,,0,0,3,0
16521751,flywheels,1465,13538,"Jesus 1st | TCDB: flywheels | Braves, Panthers, Hornets. PC: Rey Ordonez | https://t.co/9QAk0SZKpL | https://t.co/GWemxpCWY0 #TFs",SC,"@offy @peacockTV Itâ€™s been crap on my PS4 since day one, but I installed the Peacock app on my Xbox One and itâ€™s working great. Works good on my iPhone too.",2021-06-14 00:38:03+00:00,,0,2,1,0
907877648,KirkOsteExp,169,13009,We play games and watch wrestling and do cool things online. We make weird shirts. https://t.co/E7El5A6Qyn,,"So I know the peacock feed is behind the actual network feed in other countries and behind the secret other feeds we donâ€™t mention publicly, but the peacock feed on my Xbox is like 20 seconds behind the one on my computer.
But I was able to rewind earlier.",2021-06-14 00:18:12+00:00,,0,0,0,0
2941255887,collazo_nick,1592,6192,My name is nick Iâ€™m a true wwe fan I love to play video games I like to watch the wwe and I love my family my cousins my step sisters my friends,,Iâ€™m watching the (2021) nxt takeover in your house on peacock on my Xbox one s,2021-06-14 00:02:14+00:00,,1,0,1,0
44534397,ThadeaTheWitch,763,45893,"(Witch. maid.  wrestling ğŸ’™. walks.
she/her or they. trans. )
a Witchy maid's work is never doneğŸ–¤",somewhere out there ,"@TheBrodRoad Indeed.  I am overwhelmed by all the streaming exclusively deals. 
I have njpw world, peacock (dreadful interface on Xbox one), Hulu,  and iwtv. 
It gets overwhelming!",2021-06-17 17:37:48+00:00,,0,1,1,0
1330324769389109251,uncleT_picks,17,555,Shooters Gotta Shoot. Making picks day and night. #FreePlay,,@AtomicBets How did you do it???? Fucking Peacock not making it available for fire stick. I have it on the Xbox but damn Iâ€™d love to know how to get it on fire stick,2021-06-17 13:16:15+00:00,,0,2,0,0
3499380193,BWH85,808,86854,an Eric in a Don Jr. kinda world,"California, USA","They switched the golf to the Peacock app and now I canâ€™t use my remote to switch back and forth between the NBA game and the golf. I have to switch the input on my TV to go from my cable to my XBOX.

Man is born free but everywhere is in chains.",2021-06-18 02:09:10+00:00,,0,0,2,0
2182989079,snark_vader,206,11126,"Nah, we need a MEDICAL dictionary! If a patient gets difficult, you QUONE him. -Cosmo Kramer","San Lorenzo, CA",The game looked like shit on Peacock last night. Like all flickery. Watched via the Peacock app on Xbox. Maybe I'm just old. I think I'll wait for the rebroadcasts on CSN tonight and tomorrow.,2021-06-19 17:55:49+00:00,,0,0,0,0
9855742,Caliguy,689,116196,"the sweetest california guy out there :)  Music,video games,sports. Go #sfgiants","Vallejo, CA","While I'm in the minority. I actually like that the games are on peacock, because I get it in 4k via my Xbox. #SFGiants",2021-06-19 03:22:44+00:00,,0,0,0,0
255161667,fredrogers75,60,3539,,"New Jersey, USA",@MeBlackbird2 @JamiePennycuic2 @WWENetwork @WWE @peacockTV Same here. It's working now on the Xbox but we missed the entire opening segment. And I don't know about you but the layout on peacock stinks. Can't find shit.,2021-06-20 23:14:44+00:00,,0,1,1,0
2941255887,collazo_nick,1592,6192,My name is nick Iâ€™m a true wwe fan I love to play video games I like to watch the wwe and I love my family my cousins my step sisters my friends,,Iâ€™m watching the (2021) Hell in a cell ppv kickoff show on peacock on my Xbox one s,2021-06-20 23:13:36+00:00,,0,1,0,0
208797437,rc_knight,7,378,Just a man trying to be the best father I can!,Big Wonderful Wyoming!,"@WWE @peacockTV @DMcIntyreWWE @fightbobby @wwe @peacockTV #HIAC the live feed on peacock says it is over - both on laptop and xbox,",2021-06-20 23:12:51+00:00,,0,0,0,0
22681157,Jcarter09,35,183,"Married with 4 fur babies (2 cats, 2 dogs). I work for Best Buy and am in charge of overall functionality of displays and IT at 14 stores around St. Paul, MN.","Maplewood, MN",@JRFK84ST91WWF98 @PeacockTVCare Seems to be working now...for me at least on Xbox Peacock app,2021-06-20 23:12:33+00:00,,0,0,0,0
437904173,ZZoMBiE13,672,27133,"If all you put in your fields is the manure, you'll never reap a crop of happiness. 
Plant some seeds of kindness and compassion then watch good things blossom!",Texas,"@AmbassadorHelp @XboxSupport It was working fine. Played some Halo, then started watching Frasier on the Peacock app. Then lock up and a big BUZZ sound.
Xbox One &amp; Series X are plugged into the same (less than 1yo) power strip. It's a pretty heavy duty power strip too, I don't skimp on power protection.",2021-06-21 21:10:50+00:00,,0,0,0,0
1247582226457427971,PeacockTVCare,4200,30956,â€œTweet Tweet Tweetâ€ goes the Peacock flock. Weâ€™re ready to help all of our @peacockTV members. The team is available 9am-1am ET every day.,,"@CharlieBdeaD Hi Charlie! A replay of Hell In A Cell is available on Peacock. Player controls are available on Apple devices, X1, Flex, Web (not Safari), Xbox, Android Mobile, and we plan to roll this out to all our supported devices by SummerSlam! Feel free to DM us any other questions.",2021-06-21 16:38:25+00:00,,0,0,1,0
1247582226457427971,PeacockTVCare,4200,30956,â€œTweet Tweet Tweetâ€ goes the Peacock flock. Weâ€™re ready to help all of our @peacockTV members. The team is available 9am-1am ET every day.,,"@_Mr_420_ Hi Wayne! Thanks for reaching out to us. Don't worry! The replay of Hell in a Cell is available to stream on Peacock. Currently, player controls are available on Apple TV, X1, Flex, Web (not Safari), Xbox, Android Mobile, and Apple mobile. Feel free to DM us with any questions!",2021-06-21 13:40:02+00:00,,0,1,0,0
1247582226457427971,PeacockTVCare,4200,30956,â€œTweet Tweet Tweetâ€ goes the Peacock flock. Weâ€™re ready to help all of our @peacockTV members. The team is available 9am-1am ET every day.,,"@johnwakiwycough Hello!  Thank you for that information.  Try rebooting your Xbox by unplugging the cord for 30-60 seconds, then plug it back in.  Next, sign back into Peacock.  Please send us a DM and let us know if this was helpful.  We are always happy to help!",2021-06-21 02:16:30+00:00,,0,0,0,0
36405662,ThisIsCSDX,801,82361,"Comedian, Content Creator, Leftist, advocate for Suicide Prevention, Feminist.

He/Him & if you think that hurts my argument, sucks to be you.","Tampa, FL","Okay, so,I can't start #HIAC from the beginning on Peacock on Xbox One, aaand it's not letting me log in on the adult part of my account on the mobile app.

I think people were complaining about the wrong stuff when it came to WWE content coming to Peacock TV.",2021-06-21 01:55:22+00:00,,2,1,3,0
2941255887,collazo_nick,1592,6192,My name is nick Iâ€™m a true wwe fan I love to play video games I like to watch the wwe and I love my family my cousins my step sisters my friends,,Iâ€™m watching the (2021) Hell in a cell ppv on peacock on my Xbox one s,2021-06-21 00:03:59+00:00,,0,0,0,0
29947442,apochweiss,345,9078,"https://t.co/ydLHBmhujl | https://t.co/xrQbdXUjAO | YT https://t.co/TZTYNmydeS

HEALING IN NURSING HOME 7/20/21 | Metal. Gaming. Horror. Disabled streamer (M.S.). DMs open.",Northeast Pennsylvania,"Went to watch @WWE #HellInACell on @peacockTV. @Xbox 1 app won't load. Tried watching through @comcast. Froze my cable box. Now the remote for it doesn't work.

So yeah I'm not watching anything WWE related on the Peacock application anymore.",2021-06-21 00:02:59+00:00,,0,1,0,0
54320451,OGFacelessKing,146,11483,,"Long Beach, CA","My mom wanted to watch shows on Paramount+ and Peacock, but the SmartTV my parents have doesn't support either app. So, because reasons, today I ordered an Xbox Series S for my mom. It'll be here Sunday.",2021-06-22 17:14:19+00:00,,0,0,2,0
1179906194514812928,Krystal36389631,0,17,,,@peacockTV Is Psych Leaving Peacock in 6 Days???? My app on my phone and Xbox says â€œ6 Days Leftâ€??? https://t.co/Ovxatq5e1A,2021-06-25 02:01:06+00:00,,0,1,0,0
1247582226457427971,PeacockTVCare,4200,30956,â€œTweet Tweet Tweetâ€ goes the Peacock flock. Weâ€™re ready to help all of our @peacockTV members. The team is available 9am-1am ET every day.,,"@aldon_e Hi Aldon! We greatly appreciate your feedback!  On Peacock, player controls are available on Apple devices, X1, Flex, Web (not Safari), Xbox, Android Mobile, and we plan to roll this out to all our supported devices by SummerSlam! Feel free to DM us any other questions.",2021-06-27 12:14:12+00:00,,0,0,0,0
34586450,digimediazone,1130,5842,"All things digital media, including some great podcasts, Entertainment 2.0 and Home: On",,"YouTube TV adds 4k, Peacock comes to Fire TV, Nintendo announced an OLED Switch, and Xbox Cloud Gaming is generally available. All that and more on Entertainment 2.0 #559 â€“ Admit It: Itâ€™s Fun! https://t.co/AHSTWZFXuw",2021-07-08 13:00:01+00:00,,2,0,0,0
942234956524335106,TheTiaraAnn,518,95092,Faith it 'til you make it ğŸ’™  Nike ainâ€™t worried about Reebok ğŸ’…ğŸ½ Ãmame como soy ğŸ™ğŸ½ UofL Alumna,"Louisville, Louisville",@D_Collins1911 Damn. We have peacock but itâ€™s not compatible on the smart TV. Ima have to finesse the Xbox.,2021-07-11 01:30:39+00:00,,0,1,0,0
1135053914825469952,NeonDream2021,107,32147,I'm Neon Dream & you're not. Tomboys are the best. Don't take every tweet seriously. Just having fun. 31/ M/ Bi ğŸ³ï¸â€ğŸŒˆ,You Are Here ,"ITS A FEW YEARS LATER
Finally gets a PS5/ New Xbox
New laws passed idk about
Plays FIGHTING game
Game cuts off during mid battle
ME: WTF? 
""CHILIS IS BRINGING IT BACK!!!""
""SEE THE OFFICE ON PEACOCK!!!""
ME: NOOOOOO!!! https://t.co/CrOq8az7xS",2021-07-15 19:47:51+00:00,,0,0,1,0
16166684,JesseRad,2366,34205,Work: PR and social media communications at @UberStrategist | Interests: ğŸ® Video games ğŸµ Music âš½ Soccer ğŸ Cider ğŸ’€ Horror movies,"Portland, Oregon","@SamitSarkar @AgentTinsley @crecenteb We use the app on Xbox One X too. However, we watch soccer on the LG Peacock app. Just a lot of experimentation if you have the devices.",2021-07-16 04:12:39+00:00,{'place_id': 'ac88a4f17a51c7fc'},0,0,0,0
37650183,The0ddity,351,24822,"Married, Polyamorous & Piece Of Trash. All Around weirdO & I'm Cool With It. I Dig Hotwings and Kinky Sex. Cash App: $TheOddity817. Pay me to shut up","Yes, I'm YT ","Peacock on my Xbox is like a full 2 minutes behind Peacock on my Phone. Awesome. Great. 

#WWE #MITB",2021-07-18 23:56:00+00:00,,0,0,0,0
2941255887,collazo_nick,1592,6192,My name is nick Iâ€™m a true wwe fan I love to play video games I like to watch the wwe and I love my family my cousins my step sisters my friends,,Iâ€™m watching the (2021) wwe money in the bank ppv kickoff show on peacock on my Xbox one s,2021-07-18 23:09:20+00:00,,1,0,2,0
1247582226457427971,PeacockTVCare,4200,30956,â€œTweet Tweet Tweetâ€ goes the Peacock flock. Weâ€™re ready to help all of our @peacockTV members. The team is available 9am-1am ET every day.,,"@SuperSayianBro2 Hi John! Thanks for reaching out! On Peacock, player controls are available on Apple devices, X1, Flex, Web (not Safari), Xbox, Android Mobile, and we plan to roll this out to all our supported devices by SummerSlam! Please feel free to send us a DM should you have any questions.",2021-07-19 13:17:32+00:00,,0,0,0,0
549529175,DeshombiS,118,763,"Gamertag: Savagegod4life ğŸ®
follow my IG: @Deshombi",Raleigh N.C,"@WWE Literally just made a peacock account today, bought the premium for 9.99 and if buffered for at least 5 mins into the second money in the bank match entrances. Had to exit out of peacock 3x and restart my entire Xbox for it to work",2021-07-19 07:12:00+00:00,,0,0,1,0
302865154,RFerraina29,193,11396,JUST LOVE FOOTBALL ğŸˆ AND BASKETBALL #SYRACUSEORANGE #DENVERBRONCOS #GEORGIABULLDOGS,,@nikoexxtra @peacockTV @WWE I had to switch to my xbox do it off peacock on that seems to fix the problem for me instead of the xfinity box,2021-07-19 02:40:11+00:00,,0,0,0,0
1272328173104095232,MrSolorager87,13,1158,,,@bryanalvarez Im useing my xbox i had to go in to another app then back to peacock to work,2021-07-19 02:26:00+00:00,,0,0,0,0
554471306,ICanOnlyBeToine,9,51,â€œThings change. And friends leave. Life doesn't stop for anybody.â€,"New Jersey, USA","Restarted my entire Xbox and it's workin' again. Closin' and reopenin' the app did not work for me.
#Peacock #WWE #MITB",2021-07-19 02:16:27+00:00,,0,0,0,0
501169488,j0hnathanrivera,62,2289,âœŒğŸ¾,"Phoenix, Arizona",@LostVisualz_ @bryanalvarez Just giving you shit. Finally got my feed back afyer 20 min. by closing Peacock on my xbox and restarting it,2021-07-19 02:11:32+00:00,,1,1,1,0
1408115329541287936,starkiller34562,161,12867,Nothing,,"@trystin_brown @peacockTV @WWE @MsCharlotteWWE Fr, itâ€™s like I put my Xbox and tv into a microwave turned on peacock and started the microwave.",2021-07-19 02:10:06+00:00,,0,1,0,0
19705861,lonerisms_,1479,219054,I canâ€™t go to hell. Iâ€™m all out of vacation days.,ğŸ¦€,"Alright, restarted my Xbox. Good to go!

Peacock still ass tho.",2021-07-19 02:08:59+00:00,,2,1,9,0
570423172,BigWhisp_8,521,7458,"Graduate from SCSU in New Haven, CT. Sports management. Long time Jet fan and season ticket holder year 5. #cashappinbio $MattyIcee8","West Haven, CT",I got the peacock app on my Xbox. If you go to the homepage and quit the app and then re open it so it re starts back up and go back into the stream itâ€™s working now #MITB,2021-07-19 02:08:13+00:00,,0,0,0,0
1080951162,makirollOFC,16922,70158,maki r(oll) |she/her/ğŸ‘½ | i make & stream tingz | NSFWish | emotional machine | owner/producer of @nerdlesquefest | biz - makirollofficial@gmail.com,"Washington, DC",The Peacock app just glitched out my Xbox lmao we had to hard reset ğŸ˜¹ğŸ˜­ğŸ˜¹ğŸ˜­ SHOWS BACK ON THO #MITB https://t.co/EBNgqXtO8P,2021-07-19 02:07:28+00:00,,1,1,8,0
2869871289,acidtk03,159,1471,Gamer for life. Follow me on Xbox at AcidTk03 or find me on Switch (DM me for code) I mainly use this for gaming and wrestling retweets,"Ohio, USA",@davidlagreca1 FYI Closed out of peacock app on Xbox and it works now. iPhone works too,2021-07-19 02:05:04+00:00,,0,0,0,0
16219963,deebow,97,5100,Gout survivor. Wrestling Fan. Funko POP Collector. AKA The Southern Dandy. Instagram: Vulgar_Pops and Deebow_FAT,Parts Unknown,My Peacock TV app is working on my Xbox. #MITB,2021-07-19 02:05:02+00:00,,0,0,0,0
1332921090683719680,Red_Hood99,80,979,I'm a special olympian and a gamer plus @G4TV changed my life as a gamer and I can't wait to see the relaunch!,"Spokane valley, WA","Ok is anyone having issues with peacock on Google Chrome, windows X, Xbox one &amp; series X|S?",2021-07-19 02:04:38+00:00,,2,2,2,0
31315311,Stitchabarger,71,3503,"Pittsburgh in the heart and soul. NES doctor. Gamer til I die! You'll be burying me with a controller in my hands!!  ğŸ®
Gamertag: StitchabargerN","Donora, PA",@makeitloud I'm on an Xbox One and I'm having the same issues. I think it's peacock wide,2021-07-19 02:02:23+00:00,,0,1,1,0
283357172,ToddyDWrestling,314,7526,"https://t.co/H5zTu8LsSY
#ToddyD
#ToddyDsProWrestlingPodcast
#NWACyberspaceWrestling #NWAShockwave Also on @toddydcomedy on Twitter!",Wherever I May Roam USA,"@Hpc2sweet WTF? #Peacock sucks its last 4 letters!! ğŸ˜¡ğŸ¤¬ Thought my router had to be reset! I tried both firestick &amp; Xbox 1. Same BS! The screen goes dark, sound in and out constant freezing. Happened right after @MsCharlotteWWE vs @RheaRipley_WWE I miss @WWENetwork",2021-07-19 02:02:10+00:00,,2,2,5,0
2869871289,acidtk03,159,1471,Gamer for life. Follow me on Xbox at AcidTk03 or find me on Switch (DM me for code) I mainly use this for gaming and wrestling retweets,"Ohio, USA",@davidlagreca1 @peacockTV LG TV and Xbox stream of Peacock is horrible,2021-07-19 02:02:07+00:00,,0,0,0,0
26947347,FLU_2Cold,476,42855,"Cavs, Suns, Braves, Buckeyes, and Falcons ~ Pro Wrestling fan~ Gamer ~PowerLifter ~ Insta:flu_2Cold ~ But what is drip if not swag persevering?","Columbus, OH","Guys, I rebooted my Xbox Series X and it fixed Peacock. I'm no longer glitching I'm good now. Reboot your stuff now!!!  #MITB",2021-07-19 02:02:00+00:00,,0,0,0,0
2286988322,JMB_4000,16,277,,,"@peacockTV fix ur shit peacock... your live stream is lagging, unwatchable!!! Same On mobile and xbox, 2 different networks, still screen keeps freezing up every second....",2021-07-19 02:01:41+00:00,,0,0,1,0
1260013831918583814,TatsuoYama1,18,692,None of your business,,"@BWalkerSEC I literally just reset my Xbox 1 thinking the same thing, but nope, its just peacock sucking ass",2021-07-19 02:00:09+00:00,,0,0,0,0
2216387382,sethbessey,65,1581,34yr old single hard working dad. 4 kids and thatâ€™s my life,"Grand Rapids, MI","@WWE @peacockTV is F**King trash.  Wonâ€™t play on my Xbox without lag, tried my phone same things and tried my xfinity flex and mope.  Great move to peacock because the wwe network rarely ever had problems!!!!!!!!!!!",2021-07-19 01:59:00+00:00,,0,0,0,0
834205544760147969,nikfi__,168,16637,|He/Him ğŸ˜¼|CHI-SEA| iâ€™m ur dads fav,"Chicago, IL",PEACOCK WORKS ON MY SMART TV?????? LMFAOOO xbox and phone suck,2021-07-19 01:58:56+00:00,,0,0,0,0
17609344,TheJamericadian,330,7033,Columbus Crew and Manchester United supporter - in that order. Christian. Bass player. Gamer. Sometimes the world makes no sense to me.,,@jessy_617 I thought it was just my computer so I went to my xbox app and it's the same...peacock is trash,2021-07-19 01:58:13+00:00,,0,0,1,0
486941632,gen_warren,106,12383,"Fan of the Royals,  Chiefs,  and Mizzou. Plus the GIFmaster.","Kansas City, MO","I thought this was my XBOX. Now, I  know....even though I suspected it.....PEACOCK SUCKS!!!",2021-07-19 01:57:44+00:00,{'place_id': '9a974dfc8efb32a0'},0,0,0,0
43583327,RadioZT,486,18457,Award winning radio personality and play-by-play commentator. Socially awkward dork. Expect a lot wrestling tweets. Sound guy for @anhonorablepod,"Anderson, IN",@Coach_Bell22 Yep. Tried it on both Roku and Xbox. Itâ€™s a peacock issue.,2021-07-19 01:55:59+00:00,,0,1,1,0
370457490,ThelMusic,186,4510,Member of #EmpireArcadia Ninjama7ic..Engineer/Producer...#ThelBeatz COMING SOON!.. #GAMER #YayArea/#CenCal  #TeamBurna #SteelerNation #FGC,"YAY AREA/CEN CAL, CALI","I HIGHLY dislike the #Peacock right now..You need to fix your app on #PlayStation and #Xbox 
.. It CRASHES SO MUCH!! ğŸ¤¬",2021-07-19 01:55:51+00:00,,0,0,0,0
362754945,redheadedmule,1848,9036,80s/90s kid covering pop culture & sportsball. Freelance writer who posts mostly light-hearted Tweets. Like comics? Follow @MondoPaper & @Rdrrrrrrrgh.,Deep South Swamplands,Peacock is in its knees. Tried app on XBox &amp; LG WebOS and both are skipping like crazy. #MITB,2021-07-19 01:54:12+00:00,,0,0,1,0
289159160,B0ss0fTheW0rld,239,75410,,,WTF Peacock being ass im restarting my xbox.  #MITB,2021-07-19 01:53:01+00:00,,0,1,2,0
933349841744355330,noimjory,622,66892,neato icon by @cherrytenmei | i do a podcasts @wearewatchingop @CWFPcast Citizen Hank  he/they,"South Dakota, USA",Now peacock isn't even working on my Xbox this app is so fucking bad,2021-07-19 01:51:06+00:00,,0,0,1,0
44733050,MattLorenzo,2332,178284,"My name is Amir Valerie Blumenfeld, I am an unpaid consultant for this company, I once killed an innocent child and I love mini-golf. #NJD #NYY #NYG #NYK #NXT","Connecticut, USA",Peacock sucks. I go from Xbox yo tv back to Xbox and its buffering.,2021-07-19 01:29:47+00:00,,0,1,1,0
1167529866050363393,DuoBandz,170,8451,24 year old dog dad.,"Georgia, USA","Out of watching #MITB on my Xbox, smart tv, phone and laptop, the action is most up to date on my phone ğŸ™„ thanks Peacock",2021-07-19 00:19:58+00:00,,0,0,1,1
7875762,mcmax3000,530,50942,,"Ontario, Canada","Had to give up on trying to watch MITB. The WWE Network app for me, at least for live content on Xbox, has really gone to shit since the Peacock deal started.",2021-07-19 00:12:45+00:00,,0,1,2,0
2941255887,collazo_nick,1592,6192,My name is nick Iâ€™m a true wwe fan I love to play video games I like to watch the wwe and I love my family my cousins my step sisters my friends,,Iâ€™m watching the (2021) wwe money in the bank ppv on peacock on my Xbox one S,2021-07-19 00:02:59+00:00,,0,0,2,0
1219983193295785986,TheGamerLobby1,237,2227,"The official Twitter account for https://t.co/GoyFQIyVD1 
The go to store for Gamers products and News!",,"Money In The Bank Streaming Issues On Peacock Make Part Of WWE PPV Unwatchable 
Check it out https://t.co/Zh6DZDf4FQ
â€¢
â€¢
â€¢
â€¢
â€¢
#gamer #gaming #ps4 #videogames #xbox #xboxone #games #gamergirl #playstation #game",2021-07-20 22:00:11+00:00,,0,0,0,0
131669044,missdeepo,127,4811,she/her ğŸ‡µğŸ‡­ all thoughts my own,LA,"iâ€™ve logged into NBC, NBC Sports, and Peacock on both mobile and thru Xbox One and still canâ€™t access Opening Ceremony replay thatâ€™s currently broadcasting â€œliveâ€ despite being both a linear TV subscriber thru DirecTV AND  peacock D2C subâ€¦ ???????",2021-07-24 04:19:17+00:00,,2,1,2,0
237818537,connor_skelly_,956,23568,"Marketing Personâ„¢ï¸ â€¢ helping SMBs activate scalable marketing systems â€¢ Writer @ Catch All newsletter â€¢ hubspot fanboy â€¢ B2B, punk, outer space, stonks, etc.","Chicago, IL","I donâ€™t know if itâ€™s just the xbox app but watching the olympics on peacock is such a bad experience

No sports filtering, ability to easily flip through live sports. Just a dump of options (many of watch donâ€™t even have the sport name in the title card)",2021-07-24 02:53:50+00:00,,0,1,1,0
287892000,RdKelley_,509,31395,Nickelback Fan Page Account,CCSU 17,@boko24973 @JasonByrdUTvols It's on Peacock just wasted 10 minutes making an account on my xbox until I realized I need the premium to watch the game anyway what a joke,2021-07-25 12:16:18+00:00,,0,1,1,0
1016614316,ALASKANJACKSON,2369,66753,Hey,Revillagegado Island,Peacock app on Xbox is crashy mccrashys Scottish cousin MaCrasher,2021-07-28 16:57:21+00:00,,0,0,1,0
954118099,Grant_Croft,367,8159,Roses Are Red - Violets Are Blue - It Donâ€™t Alway Be Like That - But Sometimes It Do,Brookside ,"I bought the Peacock app last night to watch some of the #TeamUSA basketball on my Xbox - while going through the process of entering all my info w/ the controller my 33 y/o brother goes â€œman, you are really fast at thatâ€",2021-07-28 14:27:36+00:00,,0,0,5,0
315034571,ikesourus,245,12287,Oak Grove. PSU grad. Supply Chain and Logistics Data Analyst. Eagle Scout. BLAZERS FANATIC.,Portland OR.,@mikegrich Free on the peacock app if you have it. I use it on Xbox to get big screen https://t.co/KdPsAiXUlL,2021-07-28 04:51:32+00:00,,0,0,0,0
1274383849070317569,DblDbl_Animal,48,11723,this is fine,818,@D_Portillo_0 @RA_231 @DeezieBaby @ACFresh21 Iâ€™ll throw in Xbox Game Pass and Peacock. So what if Peacock is free? Itâ€™s the thought that counts!,2021-08-01 03:10:27+00:00,,0,1,8,0
189696620,JAnthony818,64,25375,"Donate ğŸ’œ:
https://t.co/VI6AyguPMT

https://t.co/eH47jU2ESd",C-132,@atrupar @RexChapman The regular NBC app on Xbox/Roku works better just by clicking on the Live TV section. Peacock can kick rocks with their shotty app.,2021-08-03 16:52:02+00:00,,0,0,0,0
1202353188,k1lloWATT,482,84336,"Father, Conservative, American by birth ğŸ‡ºğŸ‡¸ Southern by the grace of God ğŸ™Œ Alumnus of School w/Greatest Tradition in History of CBB, Univ. of Kentucky!","Lexington, Kentucky",@SwayCity @gain9reen @usabasketball What app? I can watch on my phone on NBC sports app signing into cable provider but won't show up on NBC sports app on Xbox and peacock wants you to pay to watch on Xbox unless u have cox or infinity,2021-08-03 05:48:19+00:00,,0,0,0,0
374492859,TurribleTrevor,335,10697,just dreaming about Chopping Mall 2: Online Chopping,United States,@LaymanAnalyst @BlackRoseValk I was using my Xbox. Just did Peacock.,2021-08-03 05:24:33+00:00,,0,2,0,0
934497755694637056,c_juise,4,230,,PDX,"@WestBro0kSZN @DBGyt_ If you have access to Peacock, you can use the app. Iâ€™m watching on my Xbox.",2021-08-03 05:20:08+00:00,,0,0,0,0
2786735119,ToHellThenWeGo,195,11424,"They got my soul but I don't let them take the rest of me...

#NativeTwitter's favorite Craigslist Medicine Man","Legal Weed, USA",Team USA on the illegal stream again. Fuckin Peacock kept freezing my Xbox. Lol,2021-08-03 05:03:31+00:00,,0,1,1,0
985431614816571393,ProgRockCutie,961,21408,C tier transposting; D tier cardgameposting. E tier filmposting. she/her,Your Dreams,"okay so on the web app for peacock you have to scroll all the way to the right to find the view all tab, which is frustrating and annoying. On the xbox version (not pictured) it's the exact same screen but you press left to see more, which is easier but unintuitive https://t.co/nVFisyp97d",2021-08-05 21:28:49+00:00,,0,1,0,0
1247582226457427971,PeacockTVCare,4200,30956,â€œTweet Tweet Tweetâ€ goes the Peacock flock. Weâ€™re ready to help all of our @peacockTV members. The team is available 9am-1am ET every day.,,"@JeanSchlemaan Hi Kirk! Thanks for reaching out! On Peacock, player controls are available on Apple devices, X1, Flex, Web (not Safari), Xbox, Android Mobile, and we plan to roll this out to all our supported devices as soon as possible. Please feel free to send us a DM for any other questions.",2021-08-06 22:04:41+00:00,,0,1,0,0
1252176515279847430,TrivTrivBoy,568,300,"h

AMAZING banner by @plutobody_",,"I started playing skullgirls when I was 12 because I saw the peacock trailer and got the demo on Xbox Live 360 Arcade. I picked up squigly when big band dropped in a coin toss. I labbed cardboard robo in my HS tech lab. I watched evo2013 on youtube growing up

Im top 8 evo 2021 https://t.co/A03KzmraTV",2021-08-08 02:13:44+00:00,,245,33,1497,4
830371705,ThvtGuyEli,453,11338,"23 â™ï¸ Scorpio, Artist. iphone repairs & shoe customs.",,@Vontay__24 Download peacock on ya Xbox,2021-08-11 05:25:27+00:00,,0,1,0,0
216913903,WhiteZinWench,1039,70240,"Social Media Manager/RBNY Reporter @SwitchThePitch1. Also: Gotham FC correspondent, @RBNN. Member @soccerreporters. Opinions & Comments mine.",Jersey,"@epicsoundsguy @ariellec I don't have Fubo, so I'm not sure about the changes. I always access Peacock through Roku. I also use it (or my Xbox) for ESPN+.",2021-08-12 15:35:07+00:00,,0,1,1,0
2419752510,TheWildWun,455,74869,Be excellent to each other. And party on dudes.,,"@redagainlol @MTJ08172762 @mathodical1018 @InfinityHimself @TheGinnaGaming Xbox Game Pass Ultimate 
YouTube Premium/Music 
Netflix
Disney Plus 
HBO Max
Amazon Prime (Video is included)
Peacock 
Paramount Plus and 
Funimation for my anime fix",2021-08-17 16:49:27+00:00,,0,1,1,0
1334251752628039682,MrCh1valry,881,8891,"Console Wars are for suckers, let's celebrate video games on ALL platforms! ğŸ®

Cybersecurity Engineer ğŸ’» I love Star Wars âš”ï¸ Halo ğŸ’š Spider-Man ğŸ’™ and Hades ğŸ˜ˆ","he/him, 25 | Midwest, USA ğŸ‡ºğŸ‡²","Xbox Game Pass Ultimate
PS Plus
Netflix
Hulu No Ads
Amazon Prime
Sling TV Blue + Sports
Stitcher Premium
Patreon
Peacock but I need to cancel lol

AMC+ and Discovery+ free for a year
Disney+ and ESPN+ through Verizon
HBO MAX and Paramount+ from friends https://t.co/X3fCg7a0MR",2021-08-17 15:47:23+00:00,,0,2,8,1
839129145732890624,OnlineWarriors1,2440,6480,"We are the Online Warriors, a podcast where we discuss the latest in gaming, movies, entertainment, & sports. Hosts: @OWNerdbomber, @OWTechtic, & @OWIlleagle86.",United States,"New episode #innerdcircle! This week we discuss:

- A #FieldofDreams show coming to Peacock
- #YikYak is coming back!
- The ID@Xbox Indie Showcase
- #Greenlights, #Hades, and more!

Promo from @MARVELMadames!

Listen now on all podcast services or https://t.co/M8OHNpq5RR! https://t.co/KdK89ydLdP",2021-08-18 12:00:50+00:00,,2,1,5,0
1405487939866464256,WWEAEWSpideyFan,88,8081,"This is Trev, I'm currently an AEW and WWE fan I make factual statements that piss people off, Marvel fan mostly Spider-Man. also I love my Olsen Twins.",,"@wrestlinginsig Good night, I got peacock to watch SummerSlam on my Xbox to chat with you guys on the discord server so I won't go back and forth lol",2021-08-20 01:57:25+00:00,,0,0,0,0
1247582226457427971,PeacockTVCare,4200,30956,â€œTweet Tweet Tweetâ€ goes the Peacock flock. Weâ€™re ready to help all of our @peacockTV members. The team is available 9am-1am ET every day.,,@VikingSully Hi Alex! Thanks for reaching out! We'd love to help and look into this further for you. Please send us a direct message providing your email address and the Xbox model you are streaming with Peacock or connect with a live agent on our website (https://t.co/c88Vk0DAlL).,2021-08-21 23:46:28+00:00,,0,0,0,0
2941255887,collazo_nick,1592,6192,My name is nick Iâ€™m a true wwe fan I love to play video games I like to watch the wwe and I love my family my cousins my step sisters my friends,,Here we go with the (2021) #WWESummerslam kickoff show on peacock on my Xbox one s,2021-08-21 23:00:03+00:00,,1,0,1,0
1247582226457427971,PeacockTVCare,4200,30956,â€œTweet Tweet Tweetâ€ goes the Peacock flock. Weâ€™re ready to help all of our @peacockTV members. The team is available 9am-1am ET every day.,,"@VikingSully Hi, Alex! Player controls are now available on our supported Xbox devices. We encourage you to ensure your Xbox system and Peacock application are using the most recent update. We hope this information is helpful. Feel free to DM us with any other questions or concerns!",2021-08-21 18:08:08+00:00,,0,1,0,0
2941255887,collazo_nick,1592,6192,My name is nick Iâ€™m a true wwe fan I love to play video games I like to watch the wwe and I love my family my cousins my step sisters my friends,,Here we go with the 2021 #NXTTakeOver36 kickoff show on peacock on my Xbox one s,2021-08-22 23:28:33+00:00,,0,0,1,0
321713230,JoeFromThePub,228,8658,"Ginger. Indoorsman. I enjoy short walks on the beach, bad movies and old video games.","Cottage Grove, MN",@RobTheIc0n I just use Peacock on Xbox and the stream is great but it doesn't allow you to start from the beginning and only rewinds 30 minutes.,2021-08-22 02:32:05+00:00,,0,1,0,0
3038998982,SoccerSteve_,1175,41823,Englishman In Sydney ğŸ‡¦ğŸ‡º Since 2014 | Football Tragic | Girls U16s â€˜Soccerâ€™ Coach | Leeds United Fan | Disneylander,ÊÇupÊs ÉÄ±lÉÉ¹Ê‡snÉ,@PeacockTVCare @NicksSports23 Itâ€™s not a peacock issue itâ€™s Xbox I believe,2021-08-22 00:29:59+00:00,{'place_id': '0073b76548e5984f'},0,0,0,0
2941255887,collazo_nick,1592,6192,My name is nick Iâ€™m a true wwe fan I love to play video games I like to watch the wwe and I love my family my cousins my step sisters my friends,,Here we go with the (2021) WWE summerslam ppv on peacock on my Xbox one s,2021-08-22 00:01:08+00:00,,0,0,2,0
113046954,KurrOne18,1297,64428,"Symbolisms mean nothing.
Faith without action is nothing.","Massachusetts, USA",I've had no problems with HBO Max use it on Xbox (best console) Peacock is terrible. https://t.co/Lcj8rASynJ,2021-08-23 17:00:44+00:00,,1,0,1,0
93935912,DipswitchDan,2747,50098,"Professional Illustrator, Author, IT Professional, and Commander of the Retrostation1989
https://t.co/a34Jq3a0aR","Milton, Wisconsin","Hey @GameSack -- okay this is a weird question, but I figure you could make an episode about it - why does the XBOX Series S do streaming at a higher quality than the PS4 overall.
Specifically Peacock. 
Is it an app issue or platform issue?",2021-08-23 04:11:59+00:00,,0,1,0,0
2941255887,collazo_nick,1592,6192,My name is nick Iâ€™m a true wwe fan I love to play video games I like to watch the wwe and I love my family my cousins my step sisters my friends,,Here we go with the 2021 #NXTTakeOver36 event on peacock on my Xbox one s,2021-08-23 00:01:39+00:00,,0,0,0,0
35275337,maskdmirag,406,2697,discord maskdmirag#8392,,"@BriantheTaxMan @IanSplis @BillSimmons yeah, but their streaming service is the fanatics of streaming services. I mean maybe peacock is worse? I thought that was the comparison being made. I forgot people buy streaming sticks, I just use xbox.",2021-08-24 01:12:46+00:00,,0,1,0,0
490992674,jimmmyfinlay,196,12616,Villain since a itsy bitsy zygote,"New Jersey, USA",Man the peacock app on Xbox never feels like working,2021-08-27 15:54:26+00:00,,0,0,0,0
227887740,arod0034,2192,297883,HEAT nation RAIDERS nation YANKEES nation Sierra. Hotel. India. Echo. Lima. Delta. #BELIEVE! #TGOD #WWERAW #WWENXT #SmackDown #CardSubjectToChange,Firefly Fun House,"@view_raw Peacock app works great on the Apple TV and Xbox, sucks real bad on the ps4 tho.",2021-08-28 21:39:11+00:00,,0,0,1,0
322344572,GRANDDADWHATTHE,1777,301370,They/them. Robot Jones fanboy. Homestar Runner fanboy. Reboots are cool. ThunderCats Roar is amazing. WWE/NXT Superstar. #QuitDyingOnUnnecessaryHills,Bumm-ra's Tomb,can Peacock update their Xbox One app to be even remotely navigable,2021-08-28 15:01:28+00:00,,0,0,0,0
212347943,ZachCav,1099,13990,"Sports Editor ğŸ“° @SouthOCSports, @SCTimesNews, @DanaPointTimes, @CapoDispatch. Co-host ğŸ™ @BasicallySports. Puckhead ğŸ¦† Scruffy Nerfherder ğŸ’«","Irvine, CA","Again, why arenâ€™t ALL Premier League games available on Peacock?

Additionally, why can I only watch Premier League through the NBC Sports app on my Roku TV, but not through the same app on my Samsung TV or my XBox?

Why does NBC make this so hard on their consumers? #MyPLMorning",2021-08-29 15:33:42+00:00,,0,0,2,0
